holiday,business_day,month,weekday,max_temperature_f,mean_temperature_f,min_temperature_f,max_dew_point_f,mean_dew_point_f,min_dew_point_f,max_humidity,mean_humidity,min_humidity,max_sea_level_pressure_inches,mean_sea_level_pressure_inches,min_sea_level_pressure_inches,max_visibility_miles,mean_visibility_miles,min_visibility_miles,max_wind_Speed_mph,mean_wind_speed_mph,max_gust_speed_mph,precipitation_inches,cloud_cover,wind_dir_degrees,zip_code,fog,fog_rain,rain
0,0,8,1,59.0,46.0,34.0,44.0,36.0,28.0,80.0,69.0,53.0,30.22,30.19,30.11,10.0,8.0,6.0,14.0,2.0,14.0,0.0,0.0,348.0,94041,0,0,0
0,0,8,1,54.0,43.0,32.0,28.0,24.0,16.0,64.0,45.0,26.0,30.19,30.14,30.09,10.0,10.0,10.0,14.0,2.0,16.0,0.0,0.0,311.0,94041,0,0,0
0,0,8,0,63.0,49.0,40.0,50.0,41.0,34.0,86.0,74.0,57.0,30.31,30.26,30.17,10.0,10.0,8.0,14.0,1.0,14.0,0.0,2.0,350.0,94041,0,0,0
0,0,9,0,60.0,53.0,46.0,50.0,47.0,45.0,93.0,79.0,64.0,30.06,30.01,29.97,10.0,7.0,5.0,8.0,2.0,8.0,0.0,2.0,301.0,94041,0,0,0
0,0,9,1,59.0,49.0,43.0,50.0,42.0,37.0,86.0,77.0,69.0,30.29,30.24,30.15,10.0,10.0,8.0,20.0,1.0,20.0,0.0,3.0,261.0,94041,0,0,0
0,0,9,1,56.0,49.0,42.0,49.0,46.0,39.0,100.0,89.0,77.0,30.2,30.11,30.03,10.0,4.0,0.0,9.0,1.0,13.0,0.0,4.0,346.0,94041,1,0,0
0,0,9,1,59.0,48.0,41.0,45.0,39.0,34.0,84.0,71.0,53.0,30.4,30.34,30.27,10.0,10.0,9.0,15.0,3.0,15.0,0.0,2.0,293.0,94041,0,0,0
0,0,9,1,60.0,51.0,41.0,49.0,45.0,39.0,96.0,80.0,64.0,30.29,30.23,30.21,10.0,9.0,7.0,10.0,1.0,12.0,0.01,0.0,343.0,94041,0,0,0
0,0,9,1,67.0,51.0,41.0,43.0,36.0,32.0,76.0,59.0,38.0,30.46,30.41,30.34,10.0,10.0,10.0,14.0,6.0,14.0,0.0,0.0,320.0,94041,0,0,0
0,0,9,0,64.0,53.0,41.0,48.0,42.0,37.0,100.0,70.0,39.0,30.24,30.19,30.12,10.0,6.0,0.0,22.0,3.0,25.0,0.0,1.0,9.0,94041,0,1,0
0,0,9,0,71.0,54.0,41.0,38.0,33.0,29.0,71.0,49.0,25.0,30.45,30.39,30.31,10.0,10.0,10.0,14.0,6.0,28.0,0.0,0.0,322.0,94041,0,0,0
0,0,9,1,63.0,50.0,37.0,46.0,40.0,33.0,85.0,66.0,47.0,30.31,30.23,30.18,10.0,9.0,6.0,8.0,2.0,9.0,0.0,0.0,339.0,94041,0,0,0
0,0,9,1,70.0,52.0,40.0,41.0,34.0,29.0,69.0,51.0,33.0,30.34,30.28,30.19,10.0,10.0,8.0,28.0,4.0,28.0,0.0,0.0,320.0,94041,0,0,0
0,0,9,1,62.0,51.0,39.0,48.0,44.0,38.0,89.0,70.0,51.0,30.35,30.29,30.25,9.0,6.0,4.0,12.0,2.0,14.0,0.0,0.0,337.0,94041,0,0,0
0,0,9,1,70.0,52.0,38.0,42.0,34.0,28.0,70.0,53.0,33.0,30.23,30.19,30.1,10.0,10.0,10.0,28.0,4.0,28.0,0.0,0.0,332.0,94041,0,0,0
0,0,9,1,64.0,54.0,44.0,51.0,47.0,43.0,93.0,75.0,56.0,30.32,30.27,30.23,10.0,6.0,4.0,8.0,2.0,10.0,0.0,4.0,314.0,94041,0,0,0
0,0,9,0,68.0,50.0,37.0,44.0,35.0,27.0,74.0,58.0,38.0,30.19,30.16,30.09,10.0,9.0,7.0,28.0,6.0,28.0,0.0,0.0,360.0,94041,0,0,0
0,0,9,0,61.0,54.0,47.0,51.0,48.0,45.0,93.0,81.0,69.0,30.31,30.27,30.21,10.0,6.0,2.0,8.0,2.0,10.0,0.0,3.0,306.0,94041,0,0,0
0,0,9,1,69.0,49.0,36.0,43.0,34.0,28.0,73.0,57.0,34.0,30.17,30.13,30.05,10.0,10.0,8.0,14.0,4.0,28.0,0.0,0.0,327.0,94041,0,0,0
0,0,9,1,61.0,55.0,48.0,53.0,50.0,46.0,93.0,86.0,78.0,30.35,30.29,30.27,10.0,6.0,2.0,10.0,1.0,12.0,0.0,3.0,358.0,94041,0,0,0
0,0,9,1,68.0,48.0,35.0,43.0,34.0,26.0,72.0,58.0,33.0,30.14,30.11,30.04,10.0,10.0,7.0,14.0,5.0,28.0,0.0,0.0,340.0,94041,0,0,0
0,0,9,1,61.0,54.0,46.0,54.0,51.0,44.0,100.0,82.0,64.0,30.31,30.26,30.19,10.0,7.0,0.0,9.0,3.0,12.0,0.0,6.0,332.0,94041,1,0,0
0,0,9,1,64.0,48.0,37.0,43.0,36.0,30.0,81.0,64.0,41.0,30.17,30.13,30.04,10.0,10.0,8.0,14.0,1.0,14.0,0.0,0.0,352.0,94041,0,0,0
0,0,9,0,53.0,43.0,32.0,35.0,29.0,25.0,75.0,57.0,38.0,30.25,30.19,30.14,10.0,10.0,9.0,8.0,2.0,9.0,0.0,0.0,337.0,94041,0,0,0
0,0,9,0,69.0,50.0,36.0,40.0,34.0,28.0,77.0,57.0,32.0,30.22,30.18,30.11,10.0,10.0,8.0,14.0,4.0,28.0,0.0,0.0,352.0,94041,0,0,0
0,0,9,1,62.0,54.0,45.0,49.0,46.0,40.0,100.0,75.0,49.0,30.19,30.14,30.07,10.0,7.0,0.0,7.0,2.0,7.0,0.0,4.0,314.0,94041,1,0,0
0,0,9,1,68.0,49.0,36.0,42.0,34.0,27.0,74.0,57.0,34.0,30.27,30.23,30.15,10.0,10.0,10.0,14.0,5.0,14.0,0.0,0.0,357.0,94041,0,0,0
0,0,9,1,62.0,52.0,42.0,45.0,40.0,38.0,89.0,68.0,46.0,30.2,30.15,30.1,10.0,10.0,9.0,12.0,3.0,28.0,0.0,0.0,325.0,94041,0,0,0
0,0,9,1,71.0,50.0,36.0,44.0,34.0,26.0,70.0,56.0,26.0,30.17,30.06,29.92,10.0,10.0,9.0,14.0,5.0,14.0,0.0,0.0,346.0,94041,0,0,0
0,0,9,1,58.0,50.0,41.0,43.0,40.0,36.0,83.0,70.0,57.0,30.37,30.29,30.21,10.0,10.0,8.0,12.0,3.0,15.0,0.0,0.0,347.0,94041,0,0,0
0,0,9,0,66.0,51.0,38.0,39.0,34.0,30.0,78.0,55.0,34.0,30.01,29.94,29.85,10.0,9.0,6.0,14.0,5.0,14.0,0.0,0.0,336.0,94041,0,0,0
0,0,9,0,68.0,54.0,40.0,43.0,40.0,37.0,89.0,62.0,34.0,30.38,30.32,30.25,10.0,10.0,7.0,9.0,3.0,13.0,0.0,0.0,321.0,94041,0,0,0
0,0,9,1,64.0,50.0,39.0,44.0,37.0,30.0,75.0,61.0,45.0,30.27,30.18,30.0,10.0,7.0,2.0,14.0,6.0,28.0,0.0,0.0,350.0,94041,0,0,0
0,0,10,1,70.0,59.0,48.0,46.0,40.0,33.0,77.0,52.0,26.0,30.25,30.19,30.11,10.0,10.0,10.0,16.0,5.0,21.0,0.0,0.0,325.0,94041,0,0,0
0,0,10,1,72.0,54.0,43.0,45.0,38.0,33.0,76.0,57.0,31.0,30.27,30.21,30.11,10.0,10.0,7.0,14.0,3.0,28.0,0.0,0.0,343.0,94041,0,0,0
0,0,10,1,65.0,55.0,44.0,45.0,42.0,40.0,89.0,65.0,40.0,30.16,30.1,30.02,10.0,10.0,8.0,9.0,3.0,12.0,0.0,0.0,308.0,94041,0,0,0
0,0,10,1,70.0,54.0,44.0,45.0,39.0,32.0,75.0,59.0,37.0,30.13,30.11,30.01,10.0,10.0,9.0,14.0,3.0,14.0,0.0,0.0,333.0,94041,0,0,0
0,0,10,0,66.0,54.0,42.0,46.0,42.0,37.0,83.0,64.0,44.0,30.06,30.02,29.97,10.0,10.0,10.0,8.0,1.0,9.0,0.0,0.0,8.0,94041,0,0,0
0,0,10,0,62.0,53.0,47.0,48.0,45.0,40.0,83.0,74.0,58.0,30.2,30.16,30.08,10.0,5.0,0.0,14.0,3.0,14.0,0.0,3.0,264.0,94041,0,0,0
0,0,10,1,69.0,60.0,50.0,48.0,44.0,41.0,77.0,57.0,37.0,30.27,30.18,30.04,10.0,10.0,10.0,14.0,5.0,18.0,0.0,5.0,48.0,94041,0,0,0
0,0,10,1,66.0,57.0,48.0,56.0,50.0,42.0,82.0,76.0,66.0,30.26,30.23,30.17,10.0,10.0,6.0,14.0,4.0,14.0,0.0,4.0,347.0,94041,0,0,0
0,0,10,1,67.0,56.0,44.0,50.0,45.0,42.0,92.0,69.0,45.0,30.29,30.23,30.17,10.0,10.0,7.0,8.0,2.0,10.0,0.0,0.0,336.0,94041,0,0,0
0,0,10,1,68.0,60.0,56.0,58.0,54.0,48.0,86.0,80.0,69.0,30.21,30.13,29.98,10.0,9.0,4.0,14.0,2.0,14.0,0.0,3.0,356.0,94041,0,0,0
0,0,10,1,67.0,56.0,45.0,51.0,47.0,42.0,96.0,74.0,52.0,30.18,30.14,30.08,10.0,8.0,1.0,12.0,2.0,13.0,0.0,3.0,5.0,94041,0,0,0
0,0,10,0,62.0,49.0,39.0,43.0,37.0,31.0,76.0,65.0,44.0,30.07,30.03,29.95,10.0,10.0,8.0,14.0,1.0,14.0,0.0,0.0,359.0,94041,0,0,0
0,0,10,0,55.0,43.0,31.0,36.0,32.0,28.0,82.0,62.0,41.0,30.34,30.27,30.21,10.0,9.0,8.0,9.0,1.0,22.0,0.0,0.0,349.0,94041,0,0,0
0,0,10,1,64.0,56.0,52.0,49.0,46.0,42.0,82.0,70.0,51.0,29.98,29.93,29.85,10.0,10.0,7.0,14.0,3.0,14.0,0.04,5.0,299.0,94041,0,0,1
0,0,10,1,64.0,56.0,48.0,51.0,48.0,45.0,93.0,77.0,60.0,30.07,30.01,29.91,10.0,8.0,5.0,13.0,2.0,17.0,0.0,3.0,346.0,94041,0,0,0
0,0,10,1,61.0,51.0,42.0,45.0,38.0,33.0,82.0,63.0,37.0,30.09,30.05,29.91,10.0,10.0,10.0,15.0,6.0,19.0,0.0,2.0,322.0,94041,0,0,0
0,0,10,1,73.0,59.0,45.0,45.0,34.0,25.0,93.0,55.0,16.0,30.07,29.99,29.93,10.0,10.0,10.0,9.0,2.0,13.0,0.0,0.0,286.0,94041,0,0,0
0,0,10,1,64.0,49.0,39.0,46.0,36.0,28.0,84.0,63.0,40.0,30.08,30.04,29.97,10.0,10.0,7.0,14.0,1.0,14.0,0.0,0.0,298.0,94041,0,0,0
0,0,10,0,56.0,46.0,36.0,40.0,36.0,32.0,92.0,70.0,47.0,30.44,30.39,30.34,9.0,8.0,6.0,9.0,2.0,10.0,0.0,0.0,348.0,94041,0,0,1
0,0,10,0,64.0,47.0,34.0,39.0,31.0,24.0,68.0,55.0,37.0,30.21,30.17,30.07,10.0,10.0,10.0,14.0,2.0,28.0,0.0,0.0,343.0,94041,0,0,0
0,0,10,1,60.0,49.0,38.0,40.0,37.0,34.0,85.0,65.0,44.0,30.41,30.33,30.25,10.0,8.0,6.0,12.0,2.0,18.0,0.0,0.0,326.0,94041,0,0,0
0,0,10,1,60.0,48.0,38.0,42.0,36.0,29.0,74.0,64.0,48.0,30.29,30.23,30.15,10.0,10.0,9.0,14.0,1.0,14.0,0.0,0.0,355.0,94041,0,0,0
0,0,10,1,63.0,52.0,41.0,42.0,39.0,36.0,82.0,64.0,46.0,30.3,30.23,30.18,10.0,8.0,6.0,8.0,1.0,10.0,0.0,0.0,338.0,94041,0,0,0
0,0,10,1,61.0,50.0,43.0,46.0,40.0,35.0,76.0,68.0,52.0,30.22,30.19,30.12,10.0,9.0,6.0,14.0,1.0,14.0,0.0,2.0,334.0,94041,0,0,0
0,0,10,1,67.0,53.0,39.0,44.0,41.0,37.0,86.0,63.0,40.0,30.25,30.16,30.09,10.0,10.0,8.0,6.0,1.0,16.0,0.0,0.0,346.0,94041,0,0,0
0,0,10,0,59.0,52.0,45.0,49.0,45.0,38.0,84.0,77.0,71.0,30.23,30.22,30.15,10.0,8.0,2.0,14.0,2.0,14.0,0.0,3.0,348.0,94041,0,0,0
0,0,10,0,59.0,52.0,44.0,46.0,44.0,40.0,86.0,74.0,62.0,30.12,30.06,30.02,10.0,9.0,7.0,7.0,1.0,7.0,0.0,0.0,348.0,94041,0,0,0
0,0,10,1,60.0,50.0,44.0,50.0,42.0,38.0,86.0,76.0,58.0,30.27,30.25,30.18,10.0,9.0,2.0,14.0,2.0,114.0,0.0,3.0,258.0,94041,0,0,0
0,0,10,1,65.0,56.0,47.0,50.0,46.0,44.0,93.0,71.0,48.0,30.05,30.02,29.98,10.0,8.0,5.0,8.0,1.0,9.0,0.0,0.0,335.0,94041,0,0,0
0,0,10,1,73.0,62.0,50.0,54.0,48.0,42.0,78.0,62.0,48.0,30.02,30.0,29.91,10.0,10.0,10.0,18.0,2.0,18.0,0.0,0.0,350.0,94041,0,0,0
0,0,10,1,86.0,71.0,56.0,59.0,48.0,37.0,100.0,59.0,18.0,29.98,29.9,29.87,10.0,10.0,10.0,14.0,4.0,17.0,0.0,0.0,328.0,94041,0,0,0
0,0,11,1,72.0,58.0,48.0,51.0,45.0,39.0,75.0,63.0,46.0,30.02,29.92,29.76,10.0,10.0,10.0,14.0,2.0,17.0,0.0,0.0,348.0,94041,0,0,0
0,0,11,0,68.0,63.0,57.0,61.0,57.0,55.0,100.0,82.0,63.0,30.09,30.04,30.01,10.0,10.0,10.0,13.0,5.0,17.0,0.0,4.0,356.0,94041,0,0,0
0,0,11,0,67.0,55.0,46.0,53.0,46.0,40.0,82.0,72.0,60.0,30.09,30.05,29.98,10.0,10.0,9.0,14.0,2.0,16.0,0.0,0.0,341.0,94041,0,0,0
0,0,11,1,76.0,66.0,55.0,62.0,56.0,51.0,100.0,73.0,46.0,30.09,30.04,29.99,10.0,10.0,10.0,14.0,3.0,16.0,0.0,2.0,348.0,94041,0,0,0
0,0,11,1,68.0,57.0,47.0,54.0,46.0,41.0,84.0,69.0,46.0,30.02,29.99,29.9,10.0,9.0,4.0,28.0,2.0,114.0,0.0,2.0,344.0,94041,0,0,0
0,0,11,1,89.0,72.0,55.0,60.0,46.0,29.0,100.0,56.0,11.0,30.02,29.96,29.9,10.0,10.0,10.0,13.0,3.0,15.0,0.0,0.0,295.0,94041,0,0,0
0,0,11,1,74.0,58.0,45.0,50.0,45.0,39.0,84.0,63.0,38.0,30.07,30.02,29.94,10.0,10.0,10.0,14.0,2.0,114.0,0.0,0.0,326.0,94041,0,0,0
0,0,11,1,85.0,70.0,55.0,62.0,45.0,31.0,97.0,57.0,16.0,29.98,29.95,29.92,10.0,10.0,10.0,17.0,5.0,21.0,0.0,0.0,335.0,94041,0,0,0
0,0,11,0,79.0,60.0,44.0,47.0,42.0,37.0,79.0,55.0,29.0,30.12,30.08,29.97,10.0,10.0,10.0,28.0,3.0,28.0,0.0,0.0,318.0,94041,0,0,0
0,0,11,0,73.0,65.0,56.0,59.0,55.0,51.0,100.0,75.0,49.0,29.96,29.89,29.83,10.0,10.0,8.0,20.0,7.0,29.0,0.0,3.0,171.0,94041,0,0,0
0,0,11,1,80.0,61.0,45.0,44.0,40.0,36.0,74.0,50.0,26.0,30.04,30.02,29.92,10.0,10.0,10.0,28.0,2.0,28.0,0.0,0.0,325.0,94041,0,0,0
0,0,11,1,74.0,67.0,60.0,60.0,55.0,50.0,84.0,64.0,44.0,30.04,29.99,29.88,10.0,10.0,10.0,20.0,5.0,23.0,0.0,3.0,328.0,94041,0,0,0
0,0,11,1,82.0,62.0,46.0,46.0,41.0,35.0,69.0,48.0,27.0,30.08,30.06,29.99,10.0,10.0,10.0,28.0,2.0,28.0,0.0,0.0,334.0,94041,0,0,0
0,0,11,1,73.0,64.0,55.0,53.0,47.0,42.0,86.0,62.0,37.0,30.06,30.01,29.95,10.0,10.0,10.0,14.0,4.0,16.0,0.0,0.0,326.0,94041,0,0,0
0,0,11,1,81.0,62.0,46.0,49.0,42.0,36.0,69.0,51.0,24.0,30.08,30.04,29.94,10.0,10.0,10.0,28.0,3.0,28.0,0.0,0.0,343.0,94041,0,0,0
0,0,11,0,77.0,65.0,52.0,54.0,48.0,42.0,83.0,60.0,36.0,30.0,29.97,29.93,10.0,10.0,10.0,13.0,3.0,17.0,0.0,1.0,134.0,94041,0,0,0
0,0,11,0,77.0,60.0,46.0,55.0,46.0,37.0,81.0,62.0,38.0,30.06,30.03,29.96,10.0,10.0,10.0,28.0,2.0,28.0,0.0,0.0,337.0,94041,0,0,0
0,0,11,1,79.0,68.0,56.0,65.0,56.0,49.0,93.0,65.0,36.0,30.01,29.96,29.89,10.0,10.0,10.0,14.0,4.0,16.0,0.0,0.0,347.0,94041,0,0,0
0,0,11,1,78.0,60.0,46.0,57.0,48.0,39.0,85.0,65.0,40.0,30.08,30.05,29.97,10.0,10.0,7.0,28.0,1.0,28.0,0.0,0.0,339.0,94041,0,0,0
0,0,11,1,74.0,65.0,56.0,64.0,60.0,56.0,100.0,79.0,57.0,29.95,29.91,29.87,10.0,10.0,10.0,21.0,5.0,23.0,0.0,2.0,349.0,94041,0,0,0
0,0,11,1,75.0,61.0,50.0,55.0,48.0,42.0,82.0,64.0,41.0,30.01,29.99,29.92,10.0,10.0,10.0,16.0,2.0,16.0,0.0,0.0,341.0,94041,0,0,0
0,0,11,1,91.0,73.0,54.0,58.0,44.0,36.0,62.0,40.0,17.0,30.05,30.0,29.96,10.0,10.0,10.0,12.0,3.0,13.0,0.0,0.0,336.0,94041,0,0,0
0,0,11,0,71.0,58.0,49.0,56.0,48.0,42.0,84.0,71.0,53.0,30.03,30.0,29.9,10.0,7.0,1.0,14.0,1.0,28.0,0.0,4.0,323.0,94041,0,0,0
0,0,11,0,70.0,64.0,57.0,63.0,58.0,49.0,93.0,73.0,52.0,30.09,29.99,29.92,10.0,9.0,4.0,14.0,4.0,18.0,0.02,5.0,272.0,94041,0,0,1
0,0,11,1,68.0,58.0,51.0,54.0,49.0,44.0,81.0,73.0,58.0,30.02,29.99,29.9,10.0,8.0,5.0,14.0,1.0,14.0,0.0,4.0,343.0,94041,0,0,0
0,0,11,1,72.0,62.0,51.0,54.0,48.0,43.0,93.0,64.0,35.0,30.13,30.08,30.03,10.0,10.0,10.0,15.0,4.0,20.0,0.0,0.0,306.0,94041,0,0,0
0,0,11,1,69.0,57.0,49.0,56.0,49.0,43.0,84.0,75.0,60.0,30.03,30.0,29.91,10.0,8.0,4.0,14.0,1.0,28.0,0.0,4.0,329.0,94041,0,0,0
0,0,11,1,73.0,62.0,51.0,60.0,51.0,46.0,89.0,65.0,41.0,30.11,30.06,30.02,10.0,10.0,10.0,13.0,4.0,15.0,0.0,0.0,349.0,94041,0,0,0
0,0,11,1,65.0,57.0,53.0,54.0,50.0,48.0,84.0,78.0,65.0,29.99,29.97,29.9,10.0,6.0,2.0,14.0,1.0,14.0,0.0,5.0,344.0,94041,0,0,0
0,0,11,0,74.0,66.0,57.0,63.0,55.0,50.0,93.0,69.0,44.0,30.1,30.04,29.98,10.0,10.0,10.0,12.0,3.0,14.0,0.0,1.0,334.0,94041,0,0,0
0,0,12,0,62.0,55.0,48.0,50.0,47.0,42.0,82.0,77.0,65.0,30.12,30.07,29.99,10.0,9.0,5.0,7.0,1.0,14.0,0.0,5.0,347.0,94041,0,0,0
0,0,12,1,73.0,64.0,54.0,59.0,56.0,54.0,100.0,77.0,53.0,29.99,29.95,29.89,10.0,10.0,10.0,17.0,6.0,21.0,0.0,1.0,44.0,94041,0,0,0
0,0,12,1,68.0,55.0,44.0,53.0,46.0,39.0,86.0,74.0,55.0,30.18,30.15,30.07,10.0,10.0,7.0,14.0,1.0,14.0,0.0,3.0,349.0,94041,0,0,0
0,0,12,1,72.0,65.0,58.0,61.0,57.0,51.0,100.0,75.0,49.0,30.17,30.04,29.93,10.0,9.0,2.0,17.0,7.0,25.0,0.1,4.0,203.0,94041,0,0,1
0,0,12,1,75.0,57.0,44.0,57.0,47.0,39.0,87.0,71.0,48.0,30.16,30.11,30.01,10.0,10.0,5.0,8.0,1.0,14.0,0.0,0.0,332.0,94041,0,0,0
0,0,12,1,69.0,62.0,54.0,56.0,49.0,39.0,93.0,63.0,33.0,30.19,30.14,30.07,10.0,10.0,10.0,15.0,6.0,21.0,0.0,1.0,292.0,94041,0,0,0
0,0,12,0,65.0,55.0,47.0,51.0,46.0,41.0,83.0,73.0,57.0,30.04,29.92,29.71,10.0,10.0,9.0,20.0,3.0,23.0,0.0,5.0,295.0,94041,0,0,0
0,0,12,0,70.0,59.0,48.0,53.0,48.0,42.0,100.0,69.0,37.0,30.09,30.06,30.02,10.0,10.0,10.0,14.0,3.0,17.0,0.0,0.0,330.0,94041,0,0,0
0,0,12,1,66.0,57.0,52.0,47.0,45.0,43.0,74.0,65.0,47.0,29.87,29.76,29.69,10.0,10.0,10.0,22.0,4.0,26.0,0.0,5.0,283.0,94041,0,0,0
0,0,12,1,72.0,61.0,49.0,56.0,49.0,45.0,93.0,66.0,38.0,30.15,30.1,30.07,10.0,10.0,10.0,12.0,2.0,15.0,0.0,0.0,330.0,94041,0,0,0
0,0,12,1,63.0,56.0,48.0,49.0,45.0,40.0,77.0,69.0,57.0,30.06,29.99,29.87,10.0,10.0,10.0,8.0,1.0,14.0,0.0,5.0,355.0,94041,0,0,0
0,0,12,1,80.0,66.0,51.0,54.0,50.0,47.0,93.0,63.0,32.0,30.14,30.06,29.99,10.0,10.0,10.0,12.0,1.0,13.0,0.0,0.0,180.0,94041,0,0,0
0,0,12,1,74.0,60.0,46.0,46.0,41.0,37.0,74.0,52.0,30.0,30.07,30.03,29.94,10.0,10.0,10.0,15.0,4.0,19.0,0.0,0.0,297.0,94041,0,0,0
0,0,12,0,93.0,76.0,59.0,56.0,48.0,42.0,60.0,39.0,18.0,30.11,30.05,30.0,10.0,10.0,10.0,10.0,3.0,14.0,0.0,0.0,339.0,94041,0,0,0
0,0,12,0,67.0,53.0,42.0,50.0,43.0,36.0,84.0,69.0,49.0,30.15,30.12,30.06,10.0,10.0,10.0,14.0,2.0,114.0,0.0,0.0,346.0,94041,0,0,0
0,0,12,1,79.0,68.0,56.0,60.0,53.0,47.0,93.0,65.0,36.0,29.99,29.93,29.89,10.0,10.0,10.0,14.0,4.0,18.0,0.0,0.0,7.0,94041,0,0,0
0,0,12,1,72.0,55.0,43.0,50.0,43.0,36.0,81.0,66.0,41.0,30.19,30.14,30.05,10.0,10.0,10.0,14.0,1.0,14.0,0.0,0.0,325.0,94041,0,0,0
0,0,12,1,65.0,60.0,55.0,61.0,57.0,53.0,100.0,89.0,78.0,29.94,29.85,29.76,10.0,9.0,2.0,14.0,5.0,18.0,0.14,6.0,139.0,94041,0,0,1
0,0,12,1,81.0,68.0,54.0,42.0,38.0,34.0,50.0,34.0,21.0,30.09,30.06,29.96,10.0,10.0,10.0,18.0,3.0,23.0,0.0,0.0,6.0,94041,0,0,0
0,0,12,1,91.0,74.0,57.0,57.0,46.0,36.0,55.0,35.0,15.0,30.06,30.0,29.93,10.0,10.0,10.0,12.0,3.0,16.0,0.0,0.0,343.0,94041,0,0,0
0,0,12,0,85.0,64.0,47.0,43.0,39.0,36.0,66.0,44.0,20.0,30.19,30.15,30.08,10.0,10.0,10.0,11.0,1.0,12.0,0.0,0.0,340.0,94041,0,0,0
0,0,12,0,88.0,73.0,58.0,57.0,49.0,42.0,73.0,47.0,21.0,29.98,29.93,29.88,10.0,10.0,10.0,12.0,3.0,14.0,0.0,0.0,327.0,94041,0,0,0
0,0,12,1,84.0,64.0,47.0,52.0,42.0,35.0,65.0,48.0,25.0,30.12,30.08,29.98,10.0,10.0,10.0,8.0,1.0,12.0,0.0,0.0,321.0,94041,0,0,0
0,0,12,1,85.0,71.0,57.0,63.0,56.0,44.0,93.0,59.0,25.0,29.95,29.91,29.85,10.0,10.0,10.0,12.0,3.0,20.0,0.0,0.0,327.0,94041,0,0,0
0,0,12,1,82.0,64.0,50.0,52.0,43.0,38.0,64.0,48.0,23.0,29.99,29.96,29.86,10.0,10.0,10.0,13.0,2.0,15.0,0.0,0.0,345.0,94041,0,0,0
0,0,12,1,77.0,67.0,57.0,63.0,59.0,56.0,100.0,75.0,50.0,29.96,29.91,29.86,10.0,9.0,5.0,14.0,4.0,16.0,0.0,1.0,329.0,94041,0,0,0
0,0,12,1,75.0,60.0,48.0,54.0,46.0,40.0,75.0,60.0,39.0,29.91,29.85,29.72,10.0,10.0,10.0,13.0,2.0,114.0,0.0,0.0,354.0,94041,0,0,0
0,0,12,0,82.0,69.0,56.0,63.0,58.0,54.0,100.0,73.0,45.0,29.94,29.91,29.86,10.0,10.0,8.0,14.0,3.0,17.0,0.0,0.0,336.0,94041,0,0,0
0,0,12,0,70.0,58.0,49.0,48.0,44.0,41.0,77.0,62.0,43.0,29.76,29.7,29.63,10.0,10.0,10.0,14.0,1.0,18.0,0.0,2.0,63.0,94041,0,0,0
0,0,12,1,72.0,65.0,57.0,61.0,58.0,56.0,100.0,83.0,66.0,30.02,29.97,29.93,10.0,10.0,7.0,12.0,4.0,14.0,0.0,2.0,347.0,94041,0,0,0
0,0,12,1,75.0,57.0,43.0,49.0,43.0,37.0,82.0,63.0,36.0,30.14,30.09,30.0,10.0,10.0,10.0,14.0,1.0,28.0,0.0,0.0,337.0,94041,0,0,0
0,0,1,1,64.0,57.0,50.0,54.0,49.0,42.0,100.0,74.0,48.0,30.06,29.92,29.77,10.0,10.0,6.0,13.0,4.0,20.0,0.03,3.0,244.0,94041,0,0,1
0,0,1,1,64.0,54.0,44.0,51.0,46.0,38.0,84.0,75.0,61.0,30.13,30.11,30.03,10.0,9.0,5.0,14.0,1.0,14.0,0.0,3.0,9.0,94041,0,0,0
0,0,1,1,69.0,60.0,51.0,61.0,55.0,51.0,100.0,82.0,63.0,29.87,29.83,29.81,10.0,6.0,0.0,13.0,3.0,17.0,0.01,4.0,312.0,94041,1,0,0
0,0,1,0,66.0,58.0,52.0,52.0,49.0,46.0,81.0,73.0,56.0,30.16,30.14,30.07,9.0,7.0,4.0,5.0,1.0,14.0,0.0,3.0,29.0,94041,0,0,0
0,0,1,0,69.0,60.0,51.0,56.0,49.0,46.0,93.0,69.0,44.0,30.0,29.93,29.88,10.0,10.0,10.0,12.0,1.0,14.0,0.0,5.0,312.0,94041,0,0,0
0,0,1,1,71.0,60.0,50.0,53.0,48.0,42.0,78.0,67.0,48.0,30.26,30.25,30.15,10.0,10.0,9.0,14.0,1.0,14.0,0.0,0.0,328.0,94041,0,0,0
0,0,1,1,67.0,62.0,57.0,49.0,46.0,44.0,72.0,59.0,45.0,30.05,30.01,29.97,10.0,10.0,4.0,10.0,3.0,14.0,0.03,6.0,65.0,94041,0,0,1
0,0,1,1,74.0,56.0,46.0,56.0,47.0,40.0,83.0,72.0,48.0,30.26,30.19,30.11,10.0,10.0,10.0,14.0,1.0,14.0,0.0,1.0,335.0,94041,0,0,0
0,0,1,1,67.0,61.0,55.0,61.0,57.0,54.0,100.0,84.0,68.0,30.1,30.02,29.96,10.0,9.0,2.0,16.0,6.0,23.0,0.1,5.0,145.0,94041,0,0,1
0,0,1,1,63.0,56.0,50.0,53.0,49.0,44.0,84.0,77.0,69.0,30.12,30.04,29.9,10.0,8.0,5.0,14.0,1.0,14.0,0.0,4.0,360.0,94041,0,0,0
0,0,1,0,66.0,59.0,51.0,57.0,52.0,48.0,100.0,78.0,56.0,30.13,30.11,30.08,10.0,10.0,10.0,13.0,3.0,28.0,0.0,2.0,331.0,94041,0,0,0
0,0,1,0,66.0,53.0,43.0,47.0,42.0,38.0,84.0,69.0,43.0,29.9,29.83,29.72,10.0,10.0,10.0,14.0,2.0,15.0,0.0,0.0,355.0,94041,0,0,0
0,0,1,1,66.0,57.0,48.0,55.0,49.0,46.0,93.0,73.0,52.0,30.2,30.15,30.11,10.0,10.0,10.0,14.0,3.0,17.0,0.0,2.0,356.0,94041,0,0,0
0,0,1,1,64.0,52.0,43.0,48.0,42.0,36.0,82.0,70.0,52.0,29.93,29.88,29.78,10.0,10.0,10.0,14.0,2.0,16.0,0.0,0.0,180.0,94041,0,0,0
0,0,1,1,65.0,57.0,49.0,51.0,33.0,16.0,93.0,54.0,15.0,30.27,30.24,30.2,10.0,10.0,10.0,18.0,5.0,21.0,0.01,0.0,338.0,94041,0,0,0
0,0,1,1,62.0,51.0,42.0,48.0,43.0,37.0,85.0,73.0,57.0,30.09,30.05,29.93,10.0,10.0,10.0,14.0,1.0,14.0,0.0,0.0,21.0,94041,0,0,0
0,0,1,1,67.0,56.0,45.0,43.0,36.0,29.0,76.0,51.0,26.0,30.26,30.19,30.12,10.0,10.0,10.0,12.0,2.0,14.0,0.0,0.0,348.0,94041,0,0,0
0,0,1,0,60.0,51.0,42.0,48.0,43.0,37.0,84.0,74.0,62.0,30.15,30.13,30.08,10.0,10.0,10.0,14.0,1.0,14.0,0.0,0.0,4.0,94041,0,0,0
0,0,1,0,66.0,56.0,45.0,45.0,41.0,32.0,80.0,56.0,32.0,30.16,30.11,30.06,10.0,10.0,10.0,9.0,2.0,10.0,0.0,0.0,299.0,94041,0,0,0
0,0,1,1,65.0,56.0,48.0,53.0,49.0,42.0,85.0,76.0,61.0,30.11,30.05,29.94,10.0,10.0,8.0,28.0,2.0,28.0,0.27,6.0,138.0,94041,0,0,1
0,0,1,1,68.0,61.0,53.0,58.0,49.0,30.0,100.0,66.0,31.0,30.15,30.08,30.02,10.0,9.0,5.0,18.0,6.0,28.0,0.06,6.0,150.0,94041,0,0,1
0,0,1,1,68.0,54.0,44.0,54.0,45.0,37.0,84.0,71.0,58.0,30.03,30.0,29.92,10.0,10.0,10.0,14.0,1.0,14.0,0.0,0.0,338.0,94041,0,0,0
0,0,1,1,67.0,57.0,46.0,52.0,45.0,40.0,100.0,69.0,37.0,30.19,30.14,30.07,10.0,10.0,10.0,14.0,3.0,20.0,0.0,0.0,312.0,94041,0,0,0
0,0,1,1,64.0,57.0,52.0,57.0,52.0,47.0,88.0,85.0,78.0,29.95,29.91,29.84,10.0,9.0,1.0,86.0,4.0,114.0,0.22,7.0,2.0,94041,0,0,1
0,0,1,0,61.0,56.0,51.0,57.0,55.0,51.0,100.0,89.0,78.0,30.14,30.08,30.0,10.0,9.0,2.0,13.0,2.0,15.0,0.14,5.0,136.0,94041,0,0,1
0,0,1,0,61.0,54.0,46.0,49.0,40.0,32.0,86.0,63.0,36.0,29.99,29.96,29.9,10.0,10.0,6.0,14.0,3.0,114.0,0.0,5.0,326.0,94041,0,0,0
0,0,1,1,64.0,56.0,48.0,54.0,51.0,46.0,100.0,76.0,52.0,30.15,30.11,30.05,10.0,10.0,4.0,8.0,2.0,9.0,0.0,5.0,349.0,94041,0,0,0
0,0,1,1,67.0,52.0,40.0,35.0,32.0,28.0,68.0,50.0,26.0,30.04,29.99,29.89,10.0,10.0,10.0,6.0,1.0,7.0,0.0,0.0,315.0,94041,0,0,0
0,0,1,1,68.0,61.0,53.0,60.0,54.0,48.0,90.0,77.0,63.0,30.27,30.14,30.09,10.0,10.0,10.0,16.0,7.0,25.0,0.01,5.0,152.0,94041,0,0,0
0,0,1,1,64.0,51.0,40.0,40.0,36.0,32.0,73.0,59.0,36.0,30.11,30.05,29.96,10.0,10.0,10.0,6.0,1.0,14.0,0.0,0.0,325.0,94041,0,0,0
0,0,1,1,66.0,56.0,45.0,50.0,44.0,38.0,96.0,67.0,37.0,30.35,30.31,30.26,10.0,10.0,10.0,10.0,3.0,12.0,0.0,0.0,296.0,94041,0,0,0
0,0,2,0,64.0,49.0,39.0,46.0,38.0,32.0,80.0,67.0,44.0,30.25,30.2,30.11,10.0,10.0,10.0,14.0,1.0,14.0,0.0,0.0,343.0,94041,0,0,0
0,0,2,0,68.0,55.0,42.0,48.0,40.0,34.0,92.0,61.0,29.0,30.43,30.38,30.34,10.0,10.0,10.0,9.0,3.0,12.0,0.0,0.0,304.0,94041,0,0,0
0,0,2,1,64.0,49.0,38.0,46.0,39.0,32.0,83.0,69.0,48.0,30.32,30.29,30.24,10.0,10.0,7.0,14.0,1.0,14.0,0.0,0.0,339.0,94041,0,0,0
0,0,2,1,67.0,55.0,43.0,50.0,42.0,34.0,86.0,60.0,34.0,30.48,30.41,30.35,10.0,10.0,9.0,7.0,1.0,8.0,0.0,0.0,331.0,94041,0,0,0
0,0,2,1,63.0,51.0,42.0,49.0,41.0,35.0,83.0,70.0,54.0,30.26,30.17,30.03,10.0,10.0,8.0,14.0,0.0,14.0,0.0,0.0,342.0,94041,0,0,0
0,0,2,1,70.0,57.0,43.0,50.0,45.0,42.0,93.0,65.0,37.0,30.34,30.27,30.22,10.0,9.0,6.0,9.0,1.0,10.0,0.0,0.0,345.0,94041,0,0,0
0,0,2,1,64.0,52.0,41.0,48.0,43.0,35.0,83.0,71.0,54.0,30.03,29.93,29.83,10.0,8.0,5.0,14.0,1.0,14.0,0.0,0.0,338.0,94041,0,0,0
0,0,2,0,69.0,57.0,45.0,52.0,47.0,43.0,93.0,68.0,42.0,30.21,30.14,30.07,10.0,9.0,5.0,6.0,1.0,10.0,0.0,0.0,352.0,94041,0,0,0
0,0,2,0,67.0,54.0,45.0,48.0,43.0,39.0,82.0,69.0,46.0,30.08,29.98,29.86,10.0,8.0,6.0,14.0,2.0,14.0,0.0,0.0,338.0,94041,0,0,0
0,0,2,1,65.0,54.0,43.0,53.0,47.0,41.0,100.0,72.0,44.0,30.08,30.0,29.88,10.0,6.0,0.0,12.0,3.0,15.0,0.0,5.0,224.0,94041,1,0,0
0,0,2,1,67.0,52.0,41.0,48.0,41.0,35.0,82.0,68.0,45.0,30.22,30.16,30.08,10.0,10.0,10.0,14.0,1.0,14.0,0.0,0.0,328.0,94041,0,0,0
0,0,2,1,63.0,58.0,53.0,58.0,54.0,50.0,100.0,89.0,78.0,29.88,29.84,29.77,10.0,9.0,5.0,13.0,6.0,17.0,0.34,6.0,140.0,94041,0,0,1
0,0,2,1,64.0,53.0,42.0,44.0,38.0,35.0,83.0,61.0,34.0,30.05,30.0,29.92,10.0,10.0,10.0,18.0,2.0,18.0,0.0,0.0,305.0,94041,0,0,0
0,0,2,1,70.0,57.0,44.0,57.0,45.0,34.0,93.0,60.0,26.0,30.29,30.24,30.19,10.0,10.0,10.0,13.0,2.0,15.0,0.0,0.0,336.0,94041,0,0,0
0,0,2,0,64.0,51.0,41.0,51.0,42.0,34.0,83.0,72.0,54.0,30.27,30.26,30.18,10.0,10.0,8.0,14.0,1.0,14.0,0.0,0.0,340.0,94041,0,0,0
0,0,2,0,63.0,58.0,52.0,58.0,54.0,46.0,100.0,84.0,67.0,30.04,29.88,29.76,10.0,8.0,2.0,10.0,3.0,15.0,0.47,5.0,149.0,94041,0,0,1
0,0,2,1,66.0,52.0,40.0,42.0,36.0,32.0,80.0,55.0,32.0,30.07,30.01,29.92,10.0,10.0,10.0,13.0,2.0,14.0,0.0,0.0,292.0,94041,0,0,0
0,0,2,1,72.0,59.0,46.0,51.0,47.0,44.0,96.0,69.0,41.0,30.34,30.28,30.24,10.0,10.0,10.0,12.0,2.0,14.0,0.0,0.0,341.0,94041,0,0,0
0,0,2,1,73.0,56.0,42.0,43.0,37.0,32.0,71.0,51.0,30.0,30.22,30.17,30.07,10.0,10.0,5.0,9.0,1.0,14.0,0.0,0.0,316.0,94041,0,0,0
0,0,2,1,77.0,63.0,49.0,51.0,48.0,45.0,89.0,61.0,33.0,30.24,30.16,30.08,10.0,10.0,10.0,9.0,1.0,12.0,0.0,0.0,350.0,94041,0,0,0
0,0,2,1,72.0,56.0,43.0,45.0,40.0,34.0,72.0,56.0,33.0,30.25,30.22,30.15,10.0,10.0,10.0,5.0,1.0,14.0,0.0,0.0,339.0,94041,0,0,0
0,0,2,0,74.0,63.0,52.0,61.0,53.0,47.0,93.0,66.0,38.0,30.25,30.2,30.16,10.0,10.0,6.0,13.0,3.0,18.0,0.0,0.0,357.0,94041,0,0,0
0,0,2,0,72.0,57.0,47.0,49.0,44.0,38.0,75.0,61.0,35.0,30.17,30.14,30.07,10.0,10.0,8.0,12.0,1.0,12.0,0.0,0.0,2.0,94041,0,0,0
0,0,2,1,69.0,61.0,52.0,62.0,56.0,50.0,100.0,84.0,68.0,30.25,30.19,30.12,10.0,6.0,0.0,10.0,3.0,24.0,0.01,3.0,350.0,94041,1,0,0
0,0,2,1,69.0,56.0,46.0,54.0,46.0,40.0,85.0,72.0,54.0,30.09,30.06,29.95,10.0,8.0,2.0,14.0,1.0,14.0,0.0,3.0,352.0,94041,0,0,0
0,0,2,1,74.0,62.0,50.0,59.0,53.0,50.0,100.0,75.0,49.0,30.15,30.09,30.02,10.0,9.0,2.0,7.0,2.0,13.0,0.0,1.0,331.0,94041,0,0,0
0,0,2,1,70.0,55.0,44.0,52.0,45.0,38.0,85.0,70.0,50.0,30.04,30.02,29.95,10.0,10.0,10.0,14.0,1.0,14.0,0.0,0.0,349.0,94041,0,0,0
0,0,2,1,75.0,63.0,51.0,60.0,54.0,48.0,100.0,72.0,44.0,30.04,29.95,29.84,10.0,9.0,1.0,12.0,2.0,15.0,0.0,1.0,325.0,94041,0,0,0
0,0,3,0,65.0,51.0,41.0,50.0,42.0,35.0,84.0,71.0,52.0,30.34,30.29,30.21,10.0,10.0,8.0,14.0,1.0,14.0,0.0,0.0,336.0,94041,0,0,0
0,0,3,0,69.0,62.0,54.0,63.0,56.0,53.0,100.0,82.0,63.0,30.13,30.04,29.96,10.0,8.0,1.0,12.0,3.0,18.0,0.12,3.0,135.0,94041,0,0,1
0,0,3,1,52.0,38.0,28.0,32.0,26.0,20.0,74.0,62.0,45.0,30.4,30.31,30.2,10.0,10.0,10.0,14.0,1.0,14.0,0.0,0.0,328.0,94041,0,0,0
0,0,3,1,66.0,61.0,55.0,57.0,55.0,51.0,100.0,82.0,63.0,30.09,29.95,29.76,10.0,9.0,5.0,22.0,7.0,33.0,0.01,3.0,147.0,94041,0,0,0
0,0,3,1,55.0,42.0,31.0,35.0,29.0,23.0,76.0,61.0,42.0,30.25,30.22,30.17,10.0,10.0,10.0,14.0,1.0,14.0,0.0,0.0,343.0,94041,0,0,0
0,0,3,1,65.0,58.0,51.0,58.0,53.0,49.0,100.0,78.0,56.0,29.75,29.65,29.57,10.0,5.0,1.0,23.0,7.0,33.0,3.36,8.0,83.0,94041,0,0,1
0,0,3,1,57.0,42.0,31.0,36.0,30.0,23.0,76.0,63.0,42.0,30.26,30.24,30.15,10.0,9.0,7.0,14.0,1.0,114.0,0.0,0.0,324.0,94041,0,0,0
0,0,3,0,57.0,53.0,49.0,52.0,49.0,47.0,96.0,84.0,72.0,30.11,29.87,29.67,10.0,9.0,5.0,6.0,1.0,7.0,0.18,6.0,125.0,94041,0,0,1
0,0,3,0,58.0,44.0,34.0,42.0,34.0,26.0,77.0,67.0,49.0,30.34,30.3,30.23,10.0,9.0,8.0,14.0,1.0,14.0,0.0,2.0,314.0,94041,0,0,0
0,0,3,1,57.0,50.0,42.0,50.0,46.0,42.0,100.0,86.0,72.0,30.25,30.19,30.11,10.0,9.0,2.0,8.0,2.0,9.0,0.02,2.0,333.0,94041,0,0,1
0,0,3,1,60.0,45.0,34.0,40.0,33.0,27.0,80.0,65.0,46.0,30.41,30.36,30.3,10.0,10.0,10.0,14.0,1.0,14.0,0.0,0.0,351.0,94041,0,0,0
0,0,3,1,61.0,53.0,44.0,48.0,44.0,43.0,93.0,74.0,55.0,30.16,30.07,30.0,10.0,10.0,6.0,14.0,4.0,18.0,0.07,3.0,129.0,94041,0,0,1
0,0,3,1,59.0,45.0,34.0,41.0,34.0,27.0,79.0,66.0,47.0,30.37,30.31,30.23,10.0,9.0,7.0,14.0,1.0,114.0,0.0,0.0,356.0,94041,0,0,0
0,0,3,1,56.0,53.0,50.0,52.0,49.0,47.0,96.0,84.0,72.0,29.99,29.91,29.84,10.0,9.0,4.0,21.0,10.0,30.0,0.71,6.0,129.0,94041,0,0,1
0,0,3,0,63.0,48.0,37.0,42.0,36.0,30.0,79.0,63.0,43.0,30.24,30.19,30.1,10.0,9.0,7.0,14.0,1.0,14.0,0.0,0.0,65.0,94041,0,0,0
0,0,3,0,62.0,56.0,50.0,52.0,49.0,46.0,93.0,75.0,56.0,29.98,29.93,29.84,10.0,10.0,6.0,16.0,7.0,26.0,0.33,5.0,145.0,94041,0,0,1
0,0,3,1,63.0,50.0,39.0,42.0,37.0,31.0,78.0,63.0,44.0,30.17,30.12,30.03,10.0,6.0,3.0,14.0,1.0,28.0,0.0,0.0,346.0,94041,0,0,0
0,0,3,1,58.0,53.0,48.0,52.0,48.0,45.0,100.0,84.0,67.0,30.11,30.05,29.97,10.0,10.0,8.0,14.0,5.0,26.0,0.16,6.0,139.0,94041,0,0,1
0,0,3,1,59.0,50.0,43.0,46.0,41.0,35.0,77.0,72.0,57.0,30.03,29.93,29.8,10.0,8.0,6.0,14.0,1.0,14.0,0.0,0.0,324.0,94041,0,0,0
0,0,3,1,63.0,58.0,52.0,49.0,48.0,46.0,89.0,75.0,60.0,30.2,30.15,30.08,10.0,10.0,10.0,16.0,7.0,25.0,0.0,5.0,142.0,94041,0,0,0
0,0,3,1,58.0,48.0,41.0,40.0,36.0,28.0,80.0,64.0,45.0,29.93,29.84,29.74,10.0,10.0,10.0,17.0,3.0,17.0,0.0,1.0,287.0,94041,0,0,0
0,0,3,0,59.0,56.0,53.0,54.0,52.0,48.0,93.0,83.0,72.0,30.19,30.16,30.13,10.0,10.0,5.0,20.0,8.0,25.0,0.13,8.0,131.0,94041,0,0,1
0,0,3,0,62.0,50.0,40.0,51.0,43.0,34.0,87.0,77.0,66.0,30.24,30.13,29.98,10.0,10.0,6.0,14.0,1.0,14.0,0.0,2.0,320.0,94041,0,0,0
0,0,3,1,63.0,59.0,54.0,59.0,56.0,53.0,100.0,92.0,84.0,29.94,29.8,29.68,10.0,6.0,1.0,15.0,6.0,22.0,1.25,8.0,123.0,94041,0,0,1
0,0,3,1,60.0,46.0,34.0,28.0,26.0,21.0,67.0,47.0,22.0,30.01,30.0,29.92,10.0,10.0,10.0,14.0,1.0,14.0,0.0,0.0,340.0,94041,0,0,0
0,0,3,1,61.0,58.0,55.0,56.0,53.0,51.0,93.0,83.0,72.0,30.27,30.2,30.14,10.0,8.0,3.0,7.0,1.0,9.0,0.01,8.0,75.0,94041,0,0,0
0,0,3,1,60.0,47.0,37.0,47.0,36.0,26.0,76.0,66.0,54.0,30.08,30.04,29.96,10.0,10.0,10.0,14.0,2.0,14.0,0.0,0.0,358.0,94041,0,0,0
0,0,3,1,65.0,61.0,56.0,58.0,55.0,52.0,93.0,83.0,72.0,30.34,30.3,30.26,10.0,10.0,7.0,14.0,4.0,16.0,0.0,7.0,352.0,94041,0,0,0
0,0,3,0,65.0,50.0,38.0,45.0,37.0,32.0,85.0,65.0,40.0,30.28,30.21,30.08,10.0,8.0,0.0,14.0,1.0,14.0,0.0,1.0,316.0,94041,0,0,0
0,0,3,0,64.0,58.0,52.0,57.0,55.0,50.0,93.0,80.0,67.0,30.31,30.26,30.2,10.0,7.0,0.0,12.0,2.0,14.0,0.0,5.0,332.0,94041,1,0,0
0,0,3,1,62.0,48.0,39.0,44.0,37.0,31.0,79.0,67.0,50.0,30.38,30.36,30.28,10.0,10.0,7.0,14.0,1.0,114.0,0.0,0.0,329.0,94041,0,0,0
0,0,4,1,69.0,59.0,49.0,53.0,49.0,47.0,96.0,73.0,49.0,30.24,30.18,30.14,10.0,10.0,10.0,10.0,3.0,14.0,0.0,0.0,307.0,94041,0,0,0
0,0,4,1,68.0,50.0,38.0,46.0,38.0,32.0,80.0,65.0,43.0,30.34,30.28,30.19,10.0,9.0,7.0,14.0,1.0,14.0,0.0,0.0,292.0,94041,0,0,0
0,0,4,1,62.0,55.0,48.0,54.0,48.0,37.0,100.0,82.0,63.0,30.14,30.07,29.98,10.0,6.0,0.0,21.0,5.0,29.0,0.06,5.0,291.0,94041,0,1,0
0,0,4,1,63.0,48.0,36.0,44.0,36.0,29.0,80.0,66.0,48.0,30.3,30.26,30.18,10.0,10.0,10.0,14.0,1.0,14.0,0.0,0.0,314.0,94041,0,0,0
0,0,4,0,57.0,51.0,44.0,40.0,36.0,33.0,71.0,56.0,40.0,30.17,30.12,30.07,10.0,10.0,10.0,18.0,8.0,26.0,0.0,0.0,303.0,94041,0,0,0
0,0,4,0,66.0,49.0,36.0,45.0,37.0,29.0,80.0,66.0,43.0,30.26,30.23,30.14,10.0,10.0,8.0,14.0,1.0,14.0,0.0,0.0,335.0,94041,0,0,0
0,0,4,1,59.0,50.0,40.0,38.0,32.0,28.0,76.0,55.0,33.0,30.29,30.2,30.12,10.0,10.0,10.0,15.0,4.0,18.0,0.0,0.0,307.0,94041,0,0,0
0,0,4,1,59.0,46.0,36.0,44.0,37.0,29.0,79.0,69.0,54.0,30.23,30.2,30.11,10.0,8.0,5.0,14.0,1.0,14.0,0.0,0.0,350.0,94041,0,0,0
0,0,4,1,55.0,45.0,35.0,37.0,33.0,30.0,82.0,60.0,38.0,30.4,30.35,30.3,10.0,10.0,10.0,7.0,1.0,8.0,0.0,0.0,2.0,94041,0,0,0
0,0,4,1,64.0,47.0,35.0,41.0,34.0,29.0,83.0,62.0,38.0,30.15,30.11,30.02,10.0,9.0,6.0,14.0,2.0,14.0,0.0,0.0,331.0,94041,0,0,0
0,0,4,1,58.0,48.0,38.0,41.0,39.0,34.0,92.0,72.0,51.0,30.38,30.3,30.26,10.0,10.0,10.0,9.0,2.0,10.0,0.0,2.0,330.0,94041,0,0,0
0,0,4,0,66.0,49.0,37.0,34.0,30.0,27.0,67.0,52.0,28.0,30.17,30.14,30.08,10.0,10.0,10.0,14.0,1.0,14.0,0.0,0.0,299.0,94041,0,0,0
0,0,4,0,56.0,49.0,41.0,43.0,40.0,36.0,89.0,74.0,59.0,30.25,30.19,30.13,10.0,10.0,10.0,14.0,3.0,24.0,0.0,2.0,337.0,94041,0,0,0
0,0,4,1,56.0,50.0,39.0,48.0,39.0,30.0,82.0,65.0,49.0,29.98,29.94,29.85,10.0,10.0,10.0,17.0,4.0,19.0,0.0,3.0,298.0,94041,0,0,0
0,0,4,1,64.0,61.0,58.0,61.0,58.0,56.0,97.0,91.0,84.0,29.91,29.78,29.72,10.0,6.0,1.0,22.0,9.0,32.0,1.85,7.0,132.0,94041,0,0,1
0,0,4,1,63.0,47.0,35.0,39.0,32.0,26.0,72.0,59.0,38.0,30.25,30.24,30.17,10.0,10.0,8.0,14.0,1.0,14.0,0.0,0.0,343.0,94041,0,0,0
0,0,4,1,55.0,46.0,37.0,37.0,26.0,14.0,85.0,55.0,24.0,30.26,30.18,30.13,10.0,10.0,10.0,31.0,12.0,40.0,0.0,0.0,351.0,94041,0,0,0
0,0,4,1,58.0,46.0,38.0,43.0,36.0,29.0,81.0,70.0,54.0,30.28,30.24,30.14,10.0,4.0,0.0,14.0,1.0,14.0,0.0,4.0,317.0,94041,1,0,0
0,0,4,0,57.0,47.0,37.0,23.0,15.0,8.0,54.0,35.0,15.0,30.29,30.19,30.09,10.0,10.0,10.0,23.0,5.0,26.0,0.0,0.0,335.0,94041,0,0,0
0,0,4,0,52.0,41.0,32.0,30.0,27.0,24.0,74.0,59.0,36.0,30.09,30.05,29.94,10.0,10.0,10.0,14.0,2.0,14.0,0.0,0.0,303.0,94041,0,0,0
0,0,4,1,68.0,62.0,56.0,59.0,56.0,54.0,100.0,80.0,59.0,30.04,29.96,29.9,10.0,10.0,9.0,12.0,4.0,17.0,0.01,4.0,150.0,94041,0,0,1
0,0,4,1,51.0,38.0,28.0,26.0,22.0,20.0,72.0,55.0,32.0,30.17,30.15,30.08,10.0,10.0,10.0,14.0,1.0,28.0,0.0,0.0,341.0,94041,0,0,0
0,0,4,1,66.0,60.0,54.0,61.0,57.0,54.0,100.0,87.0,73.0,30.1,30.04,30.0,10.0,10.0,9.0,13.0,5.0,18.0,0.02,5.0,144.0,94041,0,0,1
0,0,4,1,57.0,44.0,34.0,44.0,32.0,22.0,80.0,63.0,45.0,30.19,30.13,29.92,10.0,10.0,5.0,16.0,2.0,16.0,0.08,4.0,167.0,94041,0,0,1
0,0,4,1,69.0,64.0,58.0,60.0,57.0,54.0,100.0,79.0,57.0,30.24,30.19,30.1,10.0,9.0,2.0,13.0,4.0,17.0,0.22,5.0,143.0,94041,0,0,1
0,0,4,0,50.0,45.0,34.0,44.0,32.0,25.0,80.0,62.0,42.0,30.24,30.13,29.92,10.0,10.0,10.0,20.0,5.0,26.0,0.08,3.0,294.0,94041,0,0,1
0,0,4,0,63.0,58.0,52.0,58.0,55.0,51.0,100.0,89.0,78.0,30.23,30.19,30.15,10.0,7.0,1.0,10.0,2.0,13.0,0.01,3.0,126.0,94041,0,0,0
0,0,4,1,46.0,38.0,31.0,29.0,24.0,21.0,76.0,59.0,42.0,30.33,30.29,30.22,10.0,10.0,10.0,14.0,2.0,14.0,0.0,0.0,349.0,94041,0,0,0
0,0,4,1,71.0,61.0,50.0,58.0,54.0,49.0,100.0,77.0,53.0,30.19,30.17,30.12,10.0,10.0,10.0,12.0,2.0,13.0,0.01,1.0,6.0,94041,0,0,0
0,0,4,1,50.0,38.0,29.0,26.0,22.0,18.0,65.0,52.0,35.0,30.41,30.39,30.31,10.0,10.0,10.0,14.0,1.0,14.0,0.0,0.0,5.0,94041,0,0,0
0,0,5,1,64.0,59.0,53.0,58.0,56.0,53.0,100.0,89.0,78.0,30.22,30.15,30.09,10.0,9.0,7.0,9.0,2.0,14.0,0.0,3.0,321.0,94041,0,0,0
0,0,5,1,60.0,47.0,36.0,39.0,34.0,29.0,78.0,61.0,38.0,30.17,30.14,30.08,10.0,10.0,10.0,14.0,6.0,114.0,0.0,0.0,333.0,94041,0,0,0
0,0,5,0,66.0,53.0,40.0,47.0,40.0,31.0,83.0,59.0,34.0,30.18,30.14,30.07,10.0,10.0,10.0,12.0,1.0,15.0,0.0,0.0,345.0,94041,0,0,0
0,0,5,0,61.0,56.0,51.0,53.0,50.0,46.0,85.0,79.0,70.0,30.28,30.24,30.11,10.0,9.0,2.0,14.0,2.0,14.0,0.0,6.0,340.0,94041,0,0,0
0,0,5,1,64.0,55.0,45.0,47.0,45.0,42.0,93.0,72.0,51.0,30.24,30.18,30.1,10.0,10.0,10.0,17.0,3.0,22.0,0.01,0.0,323.0,94041,0,0,0
0,0,5,1,62.0,54.0,48.0,50.0,47.0,42.0,86.0,77.0,64.0,30.25,30.24,30.16,10.0,7.0,0.0,10.0,1.0,14.0,0.0,4.0,328.0,94041,1,0,0
0,0,5,1,68.0,56.0,43.0,49.0,45.0,41.0,89.0,67.0,45.0,30.2,30.16,30.12,10.0,10.0,10.0,9.0,2.0,12.0,0.0,0.0,317.0,94041,0,0,0
0,0,5,1,63.0,54.0,47.0,50.0,46.0,42.0,82.0,75.0,62.0,30.29,30.25,30.17,10.0,9.0,5.0,14.0,2.0,14.0,0.0,3.0,335.0,94041,0,0,0
0,0,5,1,73.0,60.0,47.0,53.0,49.0,45.0,86.0,65.0,44.0,30.23,30.18,30.14,10.0,10.0,10.0,9.0,2.0,12.0,0.0,0.0,346.0,94041,0,0,0
0,0,5,0,70.0,58.0,48.0,58.0,50.0,43.0,86.0,77.0,62.0,30.22,30.18,30.09,10.0,8.0,0.0,114.0,2.0,114.0,0.0,3.0,351.0,94041,1,0,0
0,0,5,0,75.0,62.0,48.0,55.0,49.0,45.0,89.0,68.0,46.0,30.18,30.12,30.07,10.0,10.0,10.0,10.0,1.0,13.0,0.0,0.0,351.0,94041,0,0,0
0,0,5,1,64.0,58.0,50.0,55.0,51.0,44.0,88.0,78.0,64.0,30.17,30.14,30.06,10.0,8.0,2.0,14.0,2.0,15.0,0.0,7.0,327.0,94041,0,0,0
0,0,5,1,72.0,60.0,47.0,55.0,50.0,44.0,93.0,73.0,53.0,30.14,30.08,30.04,10.0,10.0,10.0,9.0,2.0,15.0,0.0,0.0,347.0,94041,0,0,0
0,0,5,1,62.0,55.0,47.0,53.0,48.0,42.0,86.0,78.0,71.0,30.06,30.04,29.96,10.0,10.0,10.0,14.0,1.0,14.0,0.0,2.0,132.0,94041,0,0,0
0,0,5,1,75.0,60.0,45.0,54.0,45.0,41.0,82.0,57.0,31.0,30.07,30.03,29.98,10.0,10.0,10.0,8.0,2.0,10.0,0.0,0.0,351.0,94041,0,0,0
0,0,5,1,64.0,56.0,47.0,51.0,42.0,36.0,83.0,63.0,40.0,30.21,30.14,30.04,10.0,10.0,4.0,14.0,4.0,14.0,0.02,2.0,311.0,94041,0,0,1
0,0,5,0,72.0,60.0,47.0,54.0,48.0,41.0,93.0,67.0,41.0,30.06,30.01,29.96,10.0,9.0,6.0,13.0,4.0,14.0,0.0,1.0,354.0,94041,0,0,0
0,0,5,0,62.0,50.0,40.0,45.0,40.0,33.0,82.0,67.0,52.0,30.18,30.17,30.1,10.0,10.0,10.0,14.0,5.0,15.0,0.0,0.0,334.0,94041,0,0,0
0,0,5,1,57.0,56.0,54.0,53.0,51.0,47.0,89.0,83.0,77.0,30.2,30.14,30.06,10.0,7.0,4.0,9.0,4.0,12.0,0.0,8.0,353.0,94041,0,0,0
0,0,5,1,66.0,53.0,42.0,49.0,43.0,36.0,84.0,69.0,49.0,30.2,30.17,30.09,10.0,10.0,10.0,14.0,5.0,16.0,0.0,0.0,348.0,94041,0,0,0
0,0,5,1,64.0,58.0,52.0,52.0,49.0,46.0,93.0,78.0,63.0,30.25,30.19,30.13,10.0,10.0,10.0,10.0,2.0,15.0,0.0,4.0,349.0,94041,0,0,0
0,0,5,1,67.0,56.0,48.0,48.0,44.0,39.0,83.0,66.0,45.0,30.21,30.17,30.09,10.0,10.0,4.0,114.0,6.0,114.0,0.02,3.0,315.0,94041,0,0,1
0,0,5,1,64.0,58.0,52.0,52.0,51.0,50.0,93.0,78.0,63.0,30.18,30.13,30.06,10.0,8.0,3.0,9.0,2.0,13.0,0.0,5.0,11.0,94041,0,0,0
0,0,5,0,54.0,48.0,43.0,43.0,39.0,34.0,79.0,71.0,64.0,30.08,29.95,29.84,10.0,10.0,7.0,23.0,7.0,114.0,0.08,5.0,149.0,94041,0,0,1
0,0,5,0,69.0,57.0,44.0,48.0,45.0,40.0,82.0,66.0,49.0,30.21,30.15,30.09,10.0,9.0,6.0,9.0,2.0,10.0,0.0,0.0,340.0,94041,0,0,0
0,0,5,1,69.0,54.0,42.0,45.0,39.0,35.0,80.0,60.0,36.0,30.2,30.18,30.1,10.0,10.0,10.0,14.0,4.0,14.0,0.0,0.0,310.0,94041,0,0,0
0,0,5,1,71.0,62.0,52.0,54.0,50.0,46.0,93.0,69.0,44.0,30.1,30.03,29.95,10.0,8.0,3.0,10.0,2.0,14.0,0.0,3.0,351.0,94041,0,0,0
0,0,5,1,73.0,55.0,41.0,47.0,41.0,34.0,80.0,60.0,33.0,30.12,30.07,29.97,10.0,10.0,10.0,14.0,2.0,14.0,0.0,0.0,342.0,94041,0,0,0
0,0,5,1,71.0,59.0,46.0,50.0,46.0,39.0,86.0,60.0,33.0,29.99,29.92,29.85,10.0,10.0,10.0,15.0,3.0,20.0,0.0,1.0,3.0,94041,0,0,0
0,0,5,1,71.0,55.0,43.0,50.0,43.0,35.0,81.0,66.0,39.0,30.02,30.0,29.9,10.0,10.0,10.0,14.0,2.0,14.0,0.0,0.0,338.0,94041,0,0,0
0,0,5,0,66.0,57.0,48.0,49.0,38.0,24.0,86.0,56.0,26.0,29.91,29.87,29.84,10.0,10.0,8.0,20.0,7.0,25.0,0.0,1.0,3.0,94041,0,0,0
0,0,6,0,70.0,56.0,46.0,52.0,45.0,40.0,80.0,70.0,45.0,30.03,30.01,29.93,10.0,9.0,7.0,14.0,2.0,14.0,0.0,3.0,337.0,94041,0,0,0
0,0,6,1,62.0,54.0,46.0,30.0,24.0,19.0,46.0,35.0,23.0,30.25,30.08,29.91,10.0,10.0,10.0,23.0,9.0,28.0,0.0,0.0,11.0,94041,0,0,0
0,0,6,1,75.0,57.0,42.0,51.0,44.0,35.0,85.0,64.0,36.0,30.0,29.97,29.87,10.0,10.0,10.0,14.0,3.0,14.0,0.0,0.0,344.0,94041,0,0,0
0,0,6,1,67.0,53.0,38.0,44.0,31.0,18.0,70.0,43.0,16.0,30.38,30.32,30.27,10.0,10.0,10.0,13.0,3.0,16.0,0.0,0.0,343.0,94041,0,0,0
0,0,6,1,66.0,56.0,47.0,51.0,46.0,40.0,80.0,70.0,58.0,29.98,29.96,29.88,10.0,9.0,7.0,14.0,4.0,17.0,0.0,2.0,44.0,94041,0,0,0
0,0,6,1,66.0,53.0,39.0,50.0,42.0,32.0,83.0,60.0,37.0,30.32,30.22,30.11,10.0,10.0,10.0,17.0,4.0,21.0,0.0,0.0,1.0,94041,0,0,0
0,0,6,0,62.0,56.0,53.0,53.0,50.0,45.0,86.0,78.0,69.0,29.95,29.85,29.67,10.0,8.0,2.0,28.0,8.0,86.0,0.78,7.0,133.0,94041,0,0,1
0,0,6,0,69.0,57.0,45.0,52.0,46.0,42.0,93.0,69.0,45.0,30.11,30.03,29.94,10.0,10.0,10.0,17.0,4.0,20.0,0.0,0.0,348.0,94041,0,0,0
0,0,6,1,69.0,60.0,52.0,52.0,48.0,45.0,84.0,67.0,49.0,29.89,29.8,29.49,10.0,10.0,8.0,28.0,10.0,28.0,0.02,3.0,153.0,94041,0,0,1
0,0,6,1,63.0,58.0,52.0,50.0,46.0,41.0,83.0,67.0,51.0,29.94,29.86,29.78,10.0,10.0,10.0,17.0,8.0,28.0,0.0,3.0,294.0,94041,0,0,0
0,0,6,1,62.0,56.0,53.0,52.0,49.0,45.0,85.0,77.0,57.0,29.5,29.44,29.36,10.0,8.0,2.0,20.0,6.0,86.0,0.88,7.0,143.0,94041,0,0,1
0,0,6,1,61.0,53.0,45.0,46.0,44.0,39.0,86.0,70.0,53.0,29.94,29.82,29.76,10.0,10.0,7.0,16.0,3.0,22.0,0.05,3.0,264.0,94041,0,0,1
0,0,6,1,57.0,48.0,41.0,43.0,38.0,33.0,80.0,70.0,52.0,30.08,30.06,29.98,10.0,10.0,10.0,16.0,3.0,18.0,0.0,2.0,315.0,94041,0,0,0
0,0,6,0,71.0,60.0,48.0,51.0,48.0,44.0,86.0,67.0,47.0,30.14,30.1,30.06,10.0,8.0,4.0,10.0,1.0,12.0,0.0,0.0,347.0,94041,0,0,0
0,0,6,0,56.0,46.0,38.0,41.0,36.0,31.0,79.0,68.0,55.0,30.17,30.14,30.07,10.0,10.0,10.0,14.0,2.0,14.0,0.0,0.0,332.0,94041,0,0,0
0,0,6,1,65.0,56.0,47.0,53.0,49.0,44.0,93.0,78.0,63.0,30.1,30.06,30.03,10.0,9.0,5.0,12.0,2.0,16.0,0.0,0.0,328.0,94041,0,0,0
0,0,6,1,58.0,47.0,36.0,42.0,37.0,29.0,80.0,69.0,55.0,30.21,30.17,30.06,10.0,10.0,10.0,14.0,3.0,14.0,0.0,4.0,43.0,94041,0,0,0
0,0,6,1,65.0,57.0,49.0,50.0,47.0,45.0,89.0,72.0,55.0,30.07,29.99,29.92,10.0,10.0,9.0,17.0,6.0,28.0,0.0,0.0,162.0,94041,0,0,0
0,0,6,1,56.0,51.0,46.0,47.0,44.0,41.0,84.0,78.0,70.0,30.06,29.98,29.88,10.0,10.0,7.0,21.0,5.0,86.0,0.45,8.0,131.0,94041,0,0,1
0,0,6,1,64.0,62.0,59.0,58.0,54.0,43.0,90.0,71.0,51.0,29.95,29.88,29.84,10.0,7.0,2.0,26.0,14.0,36.0,1.3,6.0,143.0,94041,0,0,1
0,0,6,0,55.0,53.0,49.0,49.0,46.0,44.0,84.0,80.0,76.0,30.09,30.07,29.98,10.0,10.0,10.0,20.0,5.0,24.0,0.04,6.0,140.0,94041,0,0,1
0,0,6,0,69.0,64.0,58.0,61.0,57.0,54.0,90.0,79.0,68.0,30.09,30.04,29.97,10.0,7.0,1.0,15.0,5.0,25.0,0.37,6.0,142.0,94041,0,0,1
0,0,6,1,65.0,59.0,54.0,56.0,51.0,48.0,85.0,76.0,69.0,30.16,30.14,30.06,10.0,10.0,10.0,20.0,7.0,25.0,0.04,7.0,148.0,94041,0,0,1
0,0,6,1,66.0,62.0,57.0,62.0,55.0,49.0,93.0,78.0,63.0,30.09,29.97,29.91,10.0,8.0,2.0,20.0,9.0,29.0,0.72,6.0,157.0,94041,0,0,1
0,0,6,1,67.0,60.0,58.0,55.0,53.0,51.0,80.0,76.0,62.0,30.17,30.14,30.07,10.0,10.0,9.0,14.0,4.0,16.0,0.02,7.0,156.0,94041,0,0,1
0,0,6,1,67.0,60.0,52.0,54.0,50.0,46.0,86.0,69.0,52.0,30.28,30.22,30.08,10.0,10.0,10.0,16.0,5.0,24.0,0.0,3.0,266.0,94041,0,0,0
0,0,6,1,67.0,60.0,53.0,51.0,49.0,46.0,89.0,69.0,48.0,29.83,29.64,29.48,10.0,10.0,10.0,25.0,10.0,33.0,0.21,6.0,136.0,94041,0,0,1
0,0,6,0,64.0,52.0,40.0,46.0,40.0,36.0,100.0,68.0,36.0,30.02,29.97,29.92,10.0,10.0,10.0,13.0,4.0,16.0,0.0,0.0,340.0,94041,0,0,0
0,0,6,0,69.0,61.0,53.0,54.0,48.0,44.0,86.0,63.0,40.0,30.26,30.18,30.12,10.0,10.0,4.0,15.0,7.0,21.0,0.01,2.0,308.0,94041,0,0,1
0,0,6,1,67.0,59.0,51.0,54.0,52.0,48.0,93.0,80.0,67.0,30.03,29.96,29.93,10.0,8.0,3.0,17.0,4.0,22.0,0.0,3.0,347.0,94041,0,0,0
0,0,7,1,71.0,62.0,52.0,44.0,33.0,23.0,66.0,44.0,21.0,30.21,30.11,30.04,10.0,10.0,10.0,22.0,10.0,29.0,0.0,0.0,16.0,94041,0,0,0
0,0,7,1,70.0,62.0,54.0,54.0,52.0,46.0,93.0,69.0,45.0,30.27,30.13,30.02,10.0,9.0,4.0,20.0,6.0,22.0,0.08,6.0,6.0,94041,0,0,1
0,0,7,1,77.0,67.0,56.0,36.0,29.0,20.0,40.0,28.0,16.0,30.11,30.05,30.0,10.0,10.0,10.0,20.0,9.0,29.0,0.0,0.0,22.0,94041,0,0,0
0,0,7,1,73.0,62.0,51.0,53.0,50.0,46.0,89.0,69.0,49.0,30.3,30.23,30.15,10.0,10.0,10.0,14.0,4.0,16.0,0.0,2.0,305.0,94041,0,0,0
0,0,7,0,78.0,63.0,48.0,49.0,38.0,22.0,80.0,46.0,12.0,30.09,30.04,29.99,10.0,10.0,10.0,17.0,3.0,17.0,0.0,0.0,344.0,94041,0,0,0
0,0,7,0,76.0,63.0,50.0,55.0,51.0,48.0,86.0,62.0,38.0,30.2,30.15,30.08,10.0,10.0,10.0,14.0,3.0,17.0,0.0,0.0,342.0,94041,0,0,0
0,0,7,1,70.0,59.0,48.0,53.0,47.0,41.0,83.0,62.0,40.0,30.24,30.17,30.09,10.0,10.0,10.0,14.0,4.0,17.0,0.0,0.0,350.0,94041,0,0,0
0,0,7,1,83.0,69.0,54.0,59.0,53.0,40.0,86.0,60.0,33.0,30.14,30.06,29.97,10.0,10.0,10.0,12.0,3.0,14.0,0.0,0.0,5.0,94041,0,0,0
0,0,7,1,79.0,64.0,49.0,53.0,48.0,41.0,86.0,57.0,28.0,30.32,30.28,30.24,10.0,10.0,10.0,15.0,4.0,17.0,0.0,0.0,328.0,94041,0,0,0
0,0,7,1,74.0,66.0,57.0,53.0,43.0,37.0,58.0,45.0,31.0,30.1,30.04,30.0,10.0,10.0,10.0,23.0,7.0,25.0,0.0,0.0,11.0,94041,0,0,0
0,0,7,1,76.0,63.0,50.0,53.0,48.0,41.0,83.0,56.0,29.0,30.33,30.28,30.2,10.0,10.0,10.0,21.0,5.0,29.0,0.0,0.0,349.0,94041,0,0,0
0,0,7,0,72.0,63.0,53.0,52.0,46.0,40.0,69.0,57.0,44.0,30.07,30.04,30.01,10.0,10.0,10.0,14.0,3.0,22.0,0.0,0.0,334.0,94041,0,0,0
0,0,7,0,69.0,61.0,52.0,48.0,45.0,41.0,77.0,57.0,37.0,30.28,30.12,29.99,10.0,10.0,10.0,15.0,6.0,20.0,0.0,3.0,309.0,94041,0,0,0
0,0,7,1,68.0,60.0,52.0,53.0,48.0,42.0,86.0,64.0,42.0,30.16,30.1,30.05,10.0,10.0,10.0,18.0,7.0,22.0,0.0,0.0,334.0,94041,0,0,0
0,0,7,1,72.0,60.0,47.0,44.0,34.0,25.0,77.0,48.0,19.0,30.0,29.96,29.91,10.0,10.0,10.0,14.0,4.0,17.0,0.0,0.0,330.0,94041,0,0,0
0,0,7,1,71.0,60.0,48.0,52.0,47.0,42.0,80.0,60.0,40.0,30.1,30.06,30.01,10.0,10.0,10.0,18.0,5.0,22.0,0.0,0.0,345.0,94041,0,0,0
0,0,7,1,75.0,61.0,46.0,46.0,37.0,32.0,62.0,43.0,23.0,30.1,30.05,29.99,10.0,10.0,10.0,13.0,3.0,16.0,0.0,0.0,348.0,94041,0,0,0
0,0,7,1,78.0,64.0,49.0,53.0,48.0,39.0,83.0,55.0,27.0,30.09,30.06,30.0,10.0,10.0,10.0,15.0,4.0,18.0,0.0,0.0,344.0,94041,0,0,0
0,0,7,0,63.0,58.0,52.0,54.0,50.0,46.0,86.0,71.0,56.0,30.19,30.03,29.84,10.0,9.0,2.0,17.0,6.0,23.0,0.03,5.0,179.0,94041,0,0,1
0,0,7,0,61.0,52.0,42.0,45.0,41.0,37.0,83.0,65.0,46.0,30.01,29.88,29.82,10.0,10.0,10.0,12.0,4.0,15.0,0.05,2.0,191.0,94041,0,0,1
0,0,7,1,73.0,62.0,51.0,51.0,43.0,38.0,69.0,50.0,31.0,30.08,30.02,29.96,10.0,10.0,10.0,17.0,6.0,18.0,0.0,0.0,352.0,94041,0,0,0
0,0,7,1,70.0,60.0,49.0,50.0,46.0,41.0,80.0,58.0,36.0,30.19,30.12,30.06,10.0,10.0,10.0,18.0,4.0,22.0,0.0,0.0,348.0,94041,0,0,0
0,0,7,1,68.0,58.0,48.0,50.0,46.0,41.0,83.0,66.0,48.0,30.03,29.99,29.95,10.0,10.0,9.0,17.0,5.0,21.0,0.0,0.0,10.0,94041,0,0,0
0,0,7,1,71.0,61.0,50.0,54.0,50.0,43.0,86.0,67.0,47.0,30.2,30.16,30.11,10.0,10.0,10.0,17.0,5.0,22.0,0.0,2.0,340.0,94041,0,0,0
0,0,7,1,69.0,58.0,47.0,50.0,46.0,42.0,86.0,64.0,42.0,30.14,30.07,30.01,10.0,10.0,10.0,14.0,5.0,17.0,0.0,1.0,34.0,94041,0,0,0
0,0,7,0,69.0,62.0,55.0,55.0,50.0,45.0,86.0,67.0,48.0,30.22,30.17,30.14,10.0,10.0,5.0,18.0,6.0,24.0,0.03,5.0,205.0,94041,0,0,1
0,0,7,0,68.0,60.0,51.0,50.0,47.0,46.0,83.0,66.0,48.0,30.2,30.15,30.1,10.0,10.0,7.0,14.0,5.0,18.0,0.0,3.0,21.0,94041,0,0,0
0,0,7,1,65.0,59.0,53.0,52.0,47.0,37.0,93.0,69.0,44.0,30.33,30.27,30.22,10.0,10.0,10.0,24.0,7.0,28.0,0.0,3.0,328.0,94041,0,0,1
0,0,7,1,74.0,61.0,47.0,51.0,44.0,34.0,82.0,54.0,25.0,30.17,30.1,30.04,10.0,10.0,10.0,17.0,5.0,21.0,0.0,0.0,341.0,94041,0,0,0
0,0,7,1,67.0,59.0,50.0,53.0,48.0,42.0,77.0,68.0,58.0,30.33,30.29,30.24,10.0,10.0,10.0,17.0,7.0,21.0,0.0,2.0,341.0,94041,0,0,0
0,0,7,1,67.0,57.0,47.0,54.0,44.0,34.0,72.0,62.0,51.0,30.07,29.97,29.9,10.0,10.0,7.0,17.0,5.0,22.0,0.01,3.0,262.0,94041,0,0,1
0,0,8,1,74.0,62.0,50.0,54.0,50.0,47.0,89.0,65.0,41.0,30.27,30.22,30.16,10.0,10.0,10.0,15.0,5.0,17.0,0.0,0.0,333.0,94041,0,0,0
0,0,8,0,63.0,58.0,53.0,52.0,48.0,43.0,89.0,71.0,52.0,30.0,29.89,29.85,10.0,9.0,4.0,15.0,6.0,20.0,0.24,6.0,222.0,94041,0,0,1
0,0,8,0,84.0,68.0,52.0,58.0,52.0,47.0,89.0,61.0,33.0,30.19,30.13,30.06,10.0,10.0,10.0,12.0,3.0,13.0,0.0,0.0,355.0,94041,0,0,0
0,0,8,1,67.0,59.0,50.0,48.0,45.0,42.0,83.0,63.0,42.0,30.16,30.08,30.01,10.0,10.0,10.0,17.0,5.0,20.0,0.0,5.0,162.0,94041,0,0,0
0,0,8,1,67.0,61.0,55.0,56.0,53.0,48.0,93.0,81.0,68.0,30.2,30.15,30.1,10.0,10.0,10.0,20.0,7.0,23.0,0.0,0.0,336.0,94041,0,0,0
0,0,8,1,71.0,61.0,51.0,51.0,47.0,45.0,83.0,64.0,44.0,30.22,30.16,30.11,10.0,10.0,10.0,14.0,5.0,17.0,0.0,4.0,143.0,94041,0,0,0
0,0,8,1,78.0,64.0,50.0,53.0,49.0,45.0,89.0,61.0,32.0,30.21,30.15,30.08,10.0,10.0,10.0,16.0,5.0,21.0,0.0,0.0,346.0,94041,0,0,0
0,0,8,1,64.0,58.0,51.0,56.0,51.0,47.0,93.0,78.0,63.0,30.17,30.08,30.04,10.0,9.0,1.0,12.0,5.0,17.0,0.28,6.0,155.0,94041,0,0,1
0,0,8,0,77.0,62.0,47.0,54.0,50.0,45.0,83.0,60.0,36.0,30.14,30.09,30.02,10.0,10.0,10.0,17.0,3.0,21.0,0.0,0.0,342.0,94041,0,0,0
0,0,8,0,63.0,56.0,49.0,52.0,49.0,47.0,89.0,75.0,60.0,30.18,30.13,30.05,10.0,10.0,9.0,20.0,5.0,29.0,0.14,6.0,136.0,94041,0,0,1
0,0,8,1,64.0,53.0,41.0,49.0,44.0,39.0,89.0,69.0,48.0,30.08,30.03,29.98,10.0,10.0,10.0,15.0,4.0,17.0,0.0,0.0,351.0,94041,0,0,0
0,0,8,1,63.0,56.0,49.0,48.0,44.0,39.0,89.0,66.0,43.0,30.15,30.12,30.08,10.0,10.0,10.0,16.0,6.0,22.0,0.03,2.0,291.0,94041,0,0,0
0,0,8,1,67.0,59.0,51.0,54.0,49.0,44.0,83.0,64.0,45.0,30.12,30.07,30.03,10.0,10.0,10.0,23.0,6.0,25.0,0.0,0.0,343.0,94041,0,0,0
0,0,8,1,57.0,51.0,45.0,45.0,43.0,41.0,92.0,75.0,57.0,30.1,29.95,29.88,10.0,8.0,2.0,18.0,7.0,25.0,0.52,4.0,150.0,94041,0,0,1
0,0,8,1,68.0,59.0,50.0,50.0,43.0,37.0,77.0,57.0,37.0,30.21,30.17,30.12,10.0,10.0,10.0,18.0,8.0,28.0,0.0,1.0,311.0,94041,0,0,0
0,0,8,0,67.0,61.0,54.0,55.0,53.0,50.0,86.0,75.0,63.0,30.13,30.09,30.06,10.0,10.0,10.0,16.0,4.0,22.0,0.0,3.0,35.0,94041,0,0,0
0,0,8,0,67.0,55.0,43.0,46.0,39.0,32.0,89.0,59.0,28.0,30.25,30.15,30.06,10.0,10.0,10.0,8.0,3.0,8.0,0.0,0.0,5.0,94041,0,0,0
0,0,8,1,71.0,63.0,54.0,56.0,54.0,47.0,93.0,69.0,45.0,30.12,30.08,30.01,10.0,10.0,10.0,14.0,5.0,20.0,0.0,5.0,125.0,94041,0,0,1
0,0,8,1,71.0,57.0,43.0,45.0,39.0,37.0,76.0,54.0,31.0,30.36,30.3,30.25,10.0,10.0,10.0,9.0,3.0,9.0,0.0,0.0,333.0,94041,0,0,0
0,0,8,1,66.0,60.0,53.0,57.0,52.0,48.0,93.0,75.0,56.0,30.22,30.16,30.08,10.0,10.0,9.0,15.0,5.0,18.0,0.01,3.0,320.0,94041,0,0,1
0,0,8,1,73.0,58.0,42.0,49.0,42.0,37.0,76.0,56.0,35.0,30.32,30.24,30.16,10.0,10.0,10.0,12.0,3.0,12.0,0.0,0.0,1.0,94041,0,0,0
0,0,8,1,69.0,59.0,49.0,51.0,46.0,43.0,86.0,64.0,42.0,30.2,30.17,30.11,10.0,10.0,10.0,16.0,5.0,18.0,0.0,0.0,317.0,94041,0,0,0
0,0,8,0,74.0,59.0,44.0,51.0,43.0,36.0,77.0,55.0,33.0,30.15,30.09,30.01,10.0,10.0,10.0,10.0,3.0,14.0,0.0,0.0,338.0,94041,0,0,0
0,0,8,0,73.0,60.0,47.0,53.0,47.0,42.0,89.0,61.0,33.0,30.22,30.17,30.13,10.0,10.0,10.0,10.0,2.0,13.0,0.0,0.0,330.0,94041,0,0,0
0,0,8,1,68.0,60.0,51.0,52.0,49.0,46.0,89.0,69.0,48.0,30.14,30.07,30.0,10.0,9.0,6.0,13.0,5.0,17.0,0.0,3.0,339.0,94041,0,0,0
0,0,8,1,76.0,67.0,57.0,53.0,50.0,42.0,72.0,55.0,38.0,30.19,30.14,30.09,10.0,10.0,10.0,12.0,3.0,14.0,0.0,0.0,315.0,94041,0,0,0
0,0,8,1,69.0,60.0,51.0,53.0,50.0,48.0,89.0,72.0,55.0,30.09,30.02,29.94,10.0,10.0,7.0,10.0,3.0,13.0,0.0,3.0,350.0,94041,0,0,0
0,0,8,1,60.0,53.0,45.0,45.0,43.0,41.0,92.0,74.0,55.0,29.97,29.92,29.87,10.0,10.0,4.0,20.0,8.0,24.0,0.36,5.0,148.0,94041,0,0,1
0,0,8,1,66.0,57.0,47.0,41.0,37.0,32.0,61.0,48.0,34.0,30.22,30.16,30.11,10.0,10.0,10.0,21.0,7.0,24.0,0.0,0.0,304.0,94041,0,0,0
0,0,8,0,76.0,65.0,54.0,55.0,50.0,41.0,89.0,59.0,29.0,30.05,30.0,29.91,10.0,9.0,7.0,14.0,4.0,17.0,0.0,3.0,321.0,94041,0,0,0
0,0,8,0,68.0,58.0,47.0,47.0,43.0,36.0,80.0,61.0,42.0,30.09,30.04,30.0,10.0,10.0,10.0,17.0,6.0,21.0,0.0,0.0,352.0,94041,0,0,0
0,0,9,1,66.0,61.0,55.0,54.0,52.0,50.0,86.0,77.0,67.0,29.96,29.92,29.87,10.0,10.0,9.0,15.0,6.0,17.0,0.0,4.0,343.0,94041,0,0,0
0,0,9,1,72.0,60.0,47.0,50.0,44.0,36.0,83.0,61.0,38.0,30.11,30.07,30.03,10.0,10.0,10.0,20.0,5.0,23.0,0.0,0.0,341.0,94041,0,0,0
0,0,9,1,68.0,61.0,54.0,52.0,48.0,46.0,77.0,65.0,52.0,29.98,29.92,29.88,10.0,10.0,10.0,18.0,6.0,23.0,0.0,4.0,18.0,94041,0,0,0
0,0,9,1,76.0,62.0,48.0,52.0,47.0,44.0,83.0,58.0,33.0,30.07,30.03,29.96,10.0,10.0,10.0,15.0,5.0,18.0,0.0,0.0,350.0,94041,0,0,0
0,0,9,1,72.0,64.0,55.0,55.0,49.0,45.0,80.0,65.0,49.0,30.07,30.02,29.97,10.0,10.0,10.0,21.0,5.0,24.0,0.0,3.0,317.0,94041,0,0,0
0,0,9,0,67.0,60.0,52.0,50.0,47.0,39.0,83.0,63.0,42.0,30.19,30.1,30.03,10.0,10.0,10.0,24.0,8.0,28.0,0.0,2.0,334.0,94041,0,0,0
0,0,9,0,72.0,63.0,54.0,55.0,52.0,48.0,86.0,68.0,49.0,30.14,30.09,30.04,10.0,10.0,9.0,15.0,5.0,21.0,0.0,3.0,345.0,94041,0,0,0
0,0,9,1,65.0,57.0,48.0,45.0,34.0,26.0,66.0,45.0,24.0,30.36,30.28,30.19,10.0,10.0,10.0,17.0,9.0,23.0,0.0,0.0,309.0,94041,0,0,0
0,0,9,1,68.0,61.0,54.0,53.0,50.0,47.0,86.0,71.0,56.0,30.09,30.01,29.92,10.0,10.0,9.0,20.0,6.0,22.0,0.0,3.0,359.0,94041,0,0,0
0,0,9,1,73.0,61.0,49.0,43.0,36.0,31.0,66.0,44.0,22.0,30.25,30.13,30.02,10.0,10.0,10.0,15.0,5.0,21.0,0.0,0.0,311.0,94041,0,0,0
0,0,9,1,77.0,64.0,51.0,54.0,50.0,46.0,83.0,62.0,41.0,29.95,29.9,29.83,10.0,10.0,9.0,20.0,7.0,24.0,0.0,0.0,352.0,94041,0,0,0
0,0,9,1,80.0,66.0,51.0,42.0,33.0,26.0,50.0,33.0,16.0,30.09,30.03,29.97,10.0,10.0,10.0,13.0,5.0,18.0,0.0,0.0,337.0,94041,0,0,0
0,0,9,0,70.0,62.0,53.0,53.0,49.0,43.0,83.0,64.0,44.0,29.9,29.87,29.82,10.0,10.0,9.0,24.0,7.0,28.0,0.0,0.0,337.0,94041,0,0,0
0,0,9,0,75.0,63.0,51.0,51.0,43.0,33.0,83.0,52.0,21.0,30.11,30.07,30.02,10.0,10.0,10.0,16.0,6.0,20.0,0.0,0.0,339.0,94041,0,0,0
0,0,9,1,69.0,61.0,52.0,53.0,47.0,36.0,77.0,58.0,39.0,29.98,29.93,29.89,10.0,10.0,9.0,21.0,7.0,24.0,0.0,0.0,354.0,94041,0,0,0
0,0,9,1,71.0,62.0,53.0,54.0,50.0,46.0,86.0,67.0,47.0,30.08,30.02,29.94,10.0,9.0,6.0,16.0,5.0,18.0,0.0,2.0,334.0,94041,0,0,0
0,0,9,1,69.0,60.0,50.0,51.0,47.0,43.0,86.0,67.0,48.0,30.15,30.09,29.98,10.0,10.0,10.0,23.0,6.0,25.0,0.0,0.0,355.0,94041,0,0,0
0,0,9,1,67.0,60.0,52.0,54.0,51.0,47.0,93.0,76.0,58.0,30.0,29.95,29.9,10.0,10.0,8.0,18.0,7.0,22.0,0.0,4.0,2.0,94041,0,0,0
0,0,9,1,61.0,53.0,45.0,44.0,42.0,39.0,93.0,70.0,46.0,30.13,30.04,29.91,10.0,10.0,10.0,14.0,6.0,18.0,0.01,3.0,8.0,94041,0,0,1
0,0,9,0,70.0,58.0,45.0,41.0,33.0,25.0,71.0,46.0,20.0,30.22,30.18,30.14,10.0,10.0,10.0,16.0,5.0,22.0,0.0,0.0,315.0,94041,0,0,0
0,0,9,0,80.0,66.0,51.0,54.0,49.0,36.0,83.0,52.0,20.0,30.17,30.12,30.07,10.0,10.0,10.0,18.0,5.0,23.0,0.0,0.0,353.0,94041,0,0,0
0,0,9,1,65.0,60.0,54.0,52.0,51.0,48.0,86.0,75.0,63.0,29.92,29.89,29.85,10.0,10.0,10.0,18.0,7.0,22.0,0.0,4.0,6.0,94041,0,0,0
0,0,9,1,71.0,61.0,51.0,51.0,46.0,35.0,77.0,52.0,27.0,30.11,30.05,30.0,10.0,10.0,10.0,21.0,6.0,25.0,0.0,1.0,338.0,94041,0,0,0
0,0,9,1,67.0,61.0,54.0,50.0,47.0,46.0,83.0,68.0,52.0,29.93,29.89,29.86,10.0,10.0,10.0,17.0,5.0,21.0,0.0,6.0,277.0,94041,0,0,0
0,0,9,1,65.0,58.0,51.0,50.0,40.0,31.0,72.0,50.0,28.0,30.16,30.09,29.99,10.0,10.0,9.0,21.0,10.0,26.0,0.0,3.0,298.0,94041,0,0,1
0,0,9,1,70.0,60.0,50.0,52.0,48.0,45.0,83.0,68.0,52.0,29.92,29.88,29.86,10.0,10.0,10.0,18.0,6.0,22.0,0.0,2.0,45.0,94041,0,0,0
0,0,9,0,68.0,59.0,50.0,48.0,41.0,37.0,72.0,56.0,39.0,30.17,30.14,30.11,10.0,10.0,10.0,22.0,8.0,25.0,0.0,0.0,314.0,94041,0,0,0
0,0,9,0,70.0,62.0,53.0,51.0,47.0,42.0,77.0,63.0,48.0,29.94,29.89,29.85,10.0,10.0,10.0,18.0,6.0,26.0,0.0,4.0,92.0,94041,0,0,0
0,0,9,1,68.0,60.0,52.0,52.0,49.0,46.0,83.0,68.0,52.0,30.14,30.08,30.01,10.0,10.0,10.0,23.0,6.0,28.0,0.0,1.0,324.0,94041,0,0,1
0,0,9,1,67.0,59.0,50.0,49.0,42.0,34.0,77.0,56.0,34.0,30.05,30.01,29.94,10.0,10.0,10.0,17.0,7.0,23.0,0.0,2.0,272.0,94041,0,0,0
0,0,10,1,60.0,56.0,51.0,53.0,48.0,41.0,86.0,74.0,61.0,29.99,29.9,29.83,10.0,9.0,5.0,16.0,7.0,23.0,0.28,8.0,252.0,94041,0,0,1
0,0,10,1,64.0,58.0,52.0,54.0,48.0,38.0,93.0,71.0,48.0,30.1,29.99,29.91,10.0,10.0,5.0,18.0,7.0,22.0,0.28,4.0,301.0,94041,0,0,1
0,0,10,1,62.0,55.0,48.0,44.0,40.0,34.0,82.0,61.0,36.0,30.13,30.0,29.88,10.0,10.0,10.0,15.0,8.0,30.0,0.0,2.0,282.0,94041,0,0,0
0,0,10,0,72.0,60.0,48.0,50.0,43.0,35.0,80.0,57.0,33.0,30.18,30.12,30.08,10.0,10.0,10.0,20.0,7.0,25.0,0.0,0.0,350.0,94041,0,0,0
0,0,10,0,66.0,59.0,51.0,49.0,44.0,40.0,71.0,60.0,48.0,30.17,30.11,30.07,10.0,10.0,10.0,21.0,9.0,25.0,0.0,4.0,88.0,94041,0,0,0
0,0,10,1,85.0,69.0,52.0,57.0,50.0,47.0,86.0,58.0,29.0,30.08,30.02,29.94,10.0,10.0,10.0,20.0,7.0,23.0,0.0,0.0,350.0,94041,0,0,0
0,0,10,1,72.0,60.0,48.0,50.0,42.0,32.0,80.0,54.0,28.0,30.25,30.2,30.17,10.0,10.0,10.0,16.0,5.0,22.0,0.0,0.0,328.0,94041,0,0,0
0,0,10,1,75.0,65.0,54.0,53.0,51.0,49.0,93.0,70.0,47.0,30.08,30.05,30.02,10.0,10.0,10.0,21.0,8.0,23.0,0.0,3.0,10.0,94041,0,0,0
0,0,10,1,86.0,69.0,52.0,55.0,44.0,37.0,66.0,44.0,21.0,30.22,30.15,30.06,10.0,10.0,10.0,13.0,3.0,16.0,0.0,0.0,334.0,94041,0,0,0
0,0,10,1,84.0,70.0,55.0,53.0,51.0,49.0,77.0,55.0,32.0,30.05,30.0,29.92,10.0,10.0,9.0,16.0,6.0,21.0,0.0,1.0,9.0,94041,0,0,0
0,0,10,0,64.0,54.0,44.0,49.0,43.0,40.0,89.0,65.0,40.0,30.14,30.1,30.04,10.0,10.0,10.0,17.0,4.0,21.0,0.0,1.0,319.0,94041,0,0,0
0,0,10,0,69.0,57.0,44.0,48.0,36.0,26.0,66.0,46.0,25.0,30.24,30.18,30.12,10.0,10.0,10.0,20.0,5.0,23.0,0.0,0.0,344.0,94041,0,0,0
0,0,10,1,91.0,75.0,59.0,54.0,49.0,46.0,65.0,44.0,23.0,30.1,30.05,30.0,10.0,10.0,10.0,15.0,4.0,17.0,0.0,0.0,342.0,94041,0,0,0
0,0,10,1,99.0,74.0,57.0,51.0,46.0,40.0,72.0,44.0,15.0,29.91,29.85,29.78,10.0,10.0,9.0,10.0,4.0,10.0,0.0,0.0,338.0,94041,0,0,0
0,0,10,1,61.0,56.0,50.0,48.0,45.0,40.0,83.0,65.0,46.0,30.08,30.04,29.99,10.0,8.0,2.0,16.0,7.0,22.0,0.21,7.0,268.0,94041,0,0,1
0,0,10,1,67.0,55.0,43.0,44.0,37.0,33.0,71.0,51.0,31.0,30.14,30.07,30.01,10.0,10.0,10.0,23.0,7.0,26.0,0.0,0.0,325.0,94041,0,0,0
0,0,10,1,66.0,58.0,50.0,48.0,45.0,43.0,83.0,66.0,48.0,30.22,30.14,30.07,10.0,10.0,10.0,21.0,6.0,24.0,0.0,2.0,314.0,94041,0,0,0
0,0,10,0,62.0,53.0,44.0,46.0,39.0,35.0,76.0,58.0,39.0,30.01,29.95,29.92,10.0,10.0,7.0,18.0,5.0,24.0,0.03,2.0,246.0,94041,0,0,1
0,0,10,0,77.0,62.0,47.0,54.0,48.0,43.0,80.0,61.0,41.0,30.25,30.19,30.12,10.0,10.0,10.0,14.0,4.0,16.0,0.0,0.0,344.0,94041,0,0,0
0,0,10,1,63.0,52.0,41.0,43.0,37.0,33.0,76.0,55.0,34.0,30.0,29.95,29.88,10.0,10.0,10.0,15.0,7.0,20.0,0.0,1.0,153.0,94041,0,0,0
0,0,10,1,81.0,67.0,53.0,56.0,51.0,47.0,83.0,60.0,36.0,30.17,30.12,30.07,10.0,10.0,10.0,12.0,3.0,15.0,0.0,0.0,340.0,94041,0,0,0
0,0,10,1,61.0,55.0,48.0,50.0,43.0,37.0,93.0,68.0,42.0,30.09,29.92,29.81,10.0,8.0,2.0,18.0,7.0,28.0,0.57,4.0,216.0,94041,0,0,1
0,0,10,1,82.0,70.0,58.0,59.0,55.0,51.0,80.0,61.0,42.0,30.12,30.08,30.02,10.0,10.0,10.0,15.0,4.0,18.0,0.0,0.0,334.0,94041,0,0,0
0,0,10,1,64.0,56.0,48.0,44.0,42.0,39.0,66.0,55.0,43.0,30.2,30.14,30.09,10.0,10.0,10.0,15.0,5.0,20.0,0.0,3.0,313.0,94041,0,0,0
0,0,10,0,70.0,63.0,55.0,55.0,53.0,50.0,86.0,72.0,57.0,30.11,30.06,30.0,10.0,10.0,10.0,14.0,5.0,17.0,0.0,2.0,323.0,94041,0,0,0
0,0,10,0,69.0,57.0,45.0,46.0,41.0,35.0,82.0,57.0,32.0,30.11,30.03,29.95,10.0,10.0,10.0,15.0,4.0,18.0,0.0,0.0,344.0,94041,0,0,0
0,0,10,1,89.0,75.0,60.0,53.0,47.0,43.0,63.0,42.0,21.0,30.11,30.07,30.04,10.0,10.0,10.0,16.0,4.0,23.0,0.0,0.0,336.0,94041,0,0,0
0,0,10,1,0.0,0.0,0.0,0.0,0.0,0.0,0.0,0.0,0.0,29.94,29.87,29.83,10.0,10.0,10.0,16.0,6.0,22.0,0.0,0.0,340.0,94041,0,0,0
0,0,10,1,70.0,62.0,53.0,44.0,42.0,39.0,66.0,51.0,35.0,30.16,30.11,30.05,10.0,10.0,10.0,20.0,8.0,28.0,0.0,0.0,300.0,94041,0,0,0
0,0,10,1,66.0,60.0,53.0,51.0,49.0,46.0,83.0,72.0,60.0,30.11,30.06,30.01,10.0,10.0,10.0,20.0,7.0,23.0,0.0,3.0,352.0,94041,0,0,0
0,0,10,1,79.0,65.0,51.0,50.0,38.0,26.0,72.0,46.0,19.0,30.12,30.08,30.03,10.0,10.0,10.0,18.0,7.0,24.0,0.0,0.0,317.0,94041,0,0,0
0,0,11,0,64.0,56.0,48.0,48.0,45.0,42.0,83.0,68.0,52.0,30.01,29.98,29.93,10.0,10.0,10.0,18.0,6.0,26.0,0.0,0.0,258.0,94041,0,0,0
0,0,11,0,87.0,69.0,51.0,51.0,43.0,33.0,72.0,44.0,15.0,30.12,30.08,30.04,10.0,10.0,10.0,16.0,5.0,20.0,0.0,0.0,344.0,94041,0,0,0
0,0,11,1,65.0,57.0,48.0,42.0,39.0,35.0,71.0,54.0,36.0,30.01,29.97,29.92,10.0,10.0,10.0,18.0,7.0,26.0,0.0,0.0,290.0,94041,0,0,0
0,0,11,1,92.0,75.0,58.0,57.0,41.0,28.0,54.0,33.0,11.0,30.15,30.1,30.07,10.0,10.0,10.0,15.0,4.0,20.0,0.0,0.0,336.0,94041,0,0,0
0,0,11,1,67.0,59.0,50.0,47.0,43.0,39.0,72.0,56.0,40.0,30.0,29.96,29.91,10.0,10.0,10.0,21.0,6.0,25.0,0.0,2.0,296.0,94041,0,0,0
0,0,11,1,91.0,76.0,61.0,54.0,44.0,34.0,53.0,34.0,15.0,30.15,30.1,30.04,10.0,10.0,10.0,16.0,4.0,30.0,0.0,0.0,343.0,94041,0,0,0
0,0,11,1,67.0,60.0,52.0,53.0,49.0,44.0,86.0,67.0,48.0,29.91,29.84,29.81,10.0,8.0,1.0,15.0,4.0,18.0,0.6,6.0,64.0,94041,0,0,1
0,0,11,0,87.0,74.0,61.0,53.0,45.0,38.0,60.0,40.0,19.0,30.11,30.09,30.05,10.0,10.0,10.0,21.0,6.0,24.0,0.0,0.0,349.0,94041,0,0,0
0,0,11,0,67.0,58.0,49.0,50.0,47.0,45.0,93.0,71.0,48.0,30.0,29.94,29.87,10.0,10.0,10.0,22.0,6.0,37.0,0.0,4.0,313.0,94041,0,0,0
0,0,11,1,76.0,67.0,57.0,54.0,51.0,46.0,80.0,62.0,44.0,30.1,30.07,30.01,10.0,10.0,10.0,21.0,9.0,25.0,0.0,0.0,352.0,94041,0,0,0
0,0,11,1,66.0,59.0,52.0,48.0,47.0,46.0,83.0,68.0,52.0,30.06,30.02,29.98,10.0,10.0,10.0,16.0,6.0,21.0,0.0,4.0,264.0,94041,0,0,0
0,0,11,1,74.0,65.0,55.0,53.0,49.0,42.0,86.0,65.0,44.0,30.04,30.01,29.99,10.0,10.0,10.0,22.0,8.0,25.0,0.0,0.0,353.0,94041,0,0,0
0,0,11,1,65.0,60.0,55.0,49.0,47.0,45.0,72.0,62.0,52.0,30.09,30.06,30.03,10.0,10.0,10.0,16.0,6.0,22.0,0.0,5.0,300.0,94041,0,0,0
0,0,11,1,73.0,65.0,56.0,52.0,47.0,42.0,72.0,55.0,38.0,30.02,30.0,29.98,10.0,10.0,10.0,18.0,7.0,25.0,0.0,2.0,301.0,94041,0,0,0
0,0,11,0,63.0,59.0,54.0,49.0,48.0,46.0,83.0,72.0,60.0,30.15,30.1,30.07,10.0,10.0,10.0,13.0,6.0,18.0,0.0,8.0,295.0,94041,0,0,0
0,0,11,0,70.0,63.0,55.0,50.0,46.0,45.0,77.0,59.0,40.0,30.0,29.98,29.96,10.0,10.0,10.0,17.0,7.0,24.0,0.0,3.0,281.0,94041,0,0,0
0,0,11,1,66.0,60.0,54.0,52.0,49.0,46.0,89.0,71.0,52.0,30.14,30.08,30.02,10.0,10.0,9.0,18.0,5.0,23.0,0.0,6.0,306.0,94041,0,0,0
0,0,11,1,78.0,67.0,56.0,54.0,49.0,43.0,72.0,50.0,28.0,30.11,30.08,30.02,10.0,10.0,10.0,17.0,5.0,24.0,0.0,0.0,336.0,94041,0,0,0
0,0,11,1,0.0,0.0,0.0,0.0,0.0,0.0,0.0,0.0,0.0,29.92,29.89,29.84,10.0,10.0,9.0,14.0,7.0,18.0,0.0,3.0,356.0,94041,0,0,0
0,0,11,1,72.0,63.0,54.0,53.0,48.0,46.0,77.0,59.0,41.0,30.02,30.0,29.97,10.0,10.0,9.0,21.0,6.0,24.0,0.0,2.0,312.0,94041,0,0,1
0,0,11,1,66.0,61.0,55.0,49.0,48.0,46.0,77.0,67.0,56.0,30.02,29.98,29.95,10.0,10.0,10.0,15.0,6.0,22.0,0.0,7.0,276.0,94041,0,0,0
0,0,11,0,75.0,65.0,55.0,56.0,51.0,48.0,86.0,65.0,43.0,30.0,29.97,29.91,10.0,10.0,10.0,23.0,7.0,26.0,0.0,1.0,19.0,94041,0,0,0
0,0,11,0,67.0,61.0,55.0,53.0,50.0,48.0,80.0,66.0,52.0,30.0,29.96,29.94,10.0,10.0,10.0,16.0,6.0,22.0,0.0,7.0,301.0,94041,0,0,0
0,0,11,1,73.0,65.0,57.0,56.0,52.0,50.0,80.0,65.0,49.0,30.05,29.98,29.95,10.0,10.0,10.0,18.0,7.0,23.0,0.0,3.0,16.0,94041,0,0,0
0,0,11,1,68.0,61.0,54.0,54.0,51.0,49.0,86.0,71.0,56.0,30.11,30.04,29.99,10.0,10.0,7.0,17.0,6.0,22.0,0.0,7.0,297.0,94041,0,0,1
0,0,11,1,72.0,65.0,57.0,57.0,54.0,52.0,86.0,72.0,57.0,30.06,30.02,29.96,10.0,10.0,10.0,21.0,7.0,24.0,0.0,3.0,354.0,94041,0,0,0
0,0,11,1,66.0,60.0,54.0,50.0,48.0,46.0,77.0,67.0,56.0,30.13,30.09,30.06,10.0,10.0,10.0,16.0,7.0,22.0,0.0,4.0,262.0,94041,0,0,0
0,0,11,1,71.0,65.0,58.0,56.0,53.0,51.0,86.0,73.0,59.0,30.02,29.99,29.96,10.0,10.0,10.0,21.0,8.0,24.0,0.0,0.0,6.0,94041,0,0,0
0,0,11,0,68.0,60.0,51.0,53.0,50.0,46.0,83.0,71.0,58.0,30.07,30.02,29.98,10.0,10.0,10.0,23.0,8.0,28.0,0.0,1.0,338.0,94041,0,0,0
0,0,11,0,81.0,69.0,56.0,55.0,52.0,46.0,80.0,57.0,33.0,30.0,29.97,29.93,10.0,10.0,10.0,22.0,6.0,24.0,0.0,0.0,354.0,94041,0,0,0
0,0,12,1,66.0,61.0,55.0,53.0,50.0,48.0,83.0,71.0,58.0,30.01,29.98,29.95,10.0,10.0,10.0,23.0,9.0,26.0,0.0,4.0,323.0,94041,0,0,0
0,0,12,1,82.0,69.0,55.0,58.0,49.0,29.0,83.0,53.0,22.0,30.05,30.01,29.99,10.0,10.0,10.0,23.0,6.0,26.0,0.0,0.0,350.0,94041,0,0,0
0,0,12,1,68.0,62.0,55.0,53.0,50.0,48.0,83.0,71.0,58.0,30.04,30.01,29.97,10.0,10.0,10.0,23.0,7.0,26.0,0.0,4.0,335.0,94041,0,0,0
0,0,12,1,74.0,65.0,55.0,51.0,46.0,34.0,83.0,55.0,27.0,30.08,30.04,30.0,10.0,10.0,10.0,22.0,7.0,28.0,0.0,0.0,353.0,94041,0,0,0
0,0,12,1,69.0,62.0,55.0,53.0,51.0,48.0,86.0,71.0,55.0,30.05,30.03,30.01,10.0,10.0,10.0,22.0,8.0,26.0,0.0,4.0,345.0,94041,0,0,0
0,0,12,0,78.0,66.0,53.0,48.0,41.0,36.0,67.0,46.0,24.0,30.09,30.03,29.96,10.0,10.0,10.0,20.0,7.0,22.0,0.0,0.0,325.0,94041,0,0,0
0,0,12,0,66.0,60.0,54.0,54.0,52.0,49.0,93.0,78.0,63.0,30.07,30.04,29.99,10.0,10.0,10.0,18.0,8.0,22.0,0.0,5.0,351.0,94041,0,0,0
0,0,12,1,83.0,69.0,54.0,53.0,46.0,30.0,80.0,50.0,19.0,29.97,29.94,29.9,10.0,10.0,10.0,22.0,7.0,24.0,0.0,0.0,352.0,94041,0,0,0
0,0,12,1,65.0,60.0,55.0,54.0,52.0,50.0,93.0,80.0,67.0,30.02,29.99,29.95,10.0,10.0,10.0,18.0,8.0,22.0,0.0,4.0,360.0,94041,0,0,0
0,0,12,1,70.0,63.0,56.0,54.0,50.0,45.0,86.0,65.0,44.0,30.08,30.05,30.01,10.0,10.0,10.0,25.0,8.0,30.0,0.0,3.0,338.0,94041,0,0,0
0,0,12,1,0.0,0.0,0.0,0.0,0.0,0.0,0.0,0.0,0.0,29.94,29.9,29.87,10.0,10.0,10.0,17.0,7.0,17.0,0.0,2.0,23.0,94041,0,0,0
0,0,12,1,70.0,62.0,53.0,52.0,49.0,47.0,89.0,69.0,48.0,30.0,29.96,29.92,10.0,10.0,8.0,22.0,8.0,26.0,0.0,2.0,357.0,94041,0,0,0
0,0,12,0,69.0,62.0,54.0,56.0,53.0,51.0,86.0,75.0,63.0,29.99,29.96,29.91,10.0,10.0,10.0,20.0,8.0,23.0,0.0,5.0,4.0,94041,0,0,0
0,0,12,0,73.0,63.0,53.0,55.0,49.0,46.0,80.0,63.0,46.0,30.0,29.97,29.92,10.0,10.0,10.0,15.0,5.0,17.0,0.0,2.0,302.0,94041,0,0,0
0,0,12,1,68.0,62.0,55.0,54.0,51.0,47.0,86.0,72.0,58.0,30.0,29.94,29.92,10.0,10.0,10.0,22.0,8.0,25.0,0.0,4.0,351.0,94041,0,0,0
0,0,12,1,72.0,63.0,53.0,51.0,48.0,47.0,77.0,62.0,47.0,30.08,30.06,30.02,10.0,10.0,10.0,23.0,7.0,28.0,0.0,1.0,313.0,94041,0,0,0
0,0,12,1,64.0,58.0,53.0,48.0,45.0,44.0,71.0,62.0,52.0,30.01,29.98,29.94,10.0,10.0,10.0,17.0,7.0,25.0,0.0,4.0,313.0,94041,0,0,0
0,0,12,1,68.0,61.0,54.0,48.0,45.0,42.0,72.0,57.0,42.0,30.08,30.04,29.99,10.0,10.0,10.0,20.0,8.0,26.0,0.0,2.0,299.0,94041,0,0,0
0,0,12,1,68.0,59.0,50.0,48.0,43.0,40.0,80.0,60.0,40.0,30.0,29.96,29.92,10.0,10.0,10.0,17.0,6.0,24.0,0.0,0.0,257.0,94041,0,0,0
0,0,12,0,73.0,63.0,53.0,45.0,43.0,38.0,71.0,50.0,29.0,29.97,29.94,29.9,10.0,10.0,10.0,22.0,7.0,25.0,0.0,0.0,299.0,94041,0,0,0
0,0,12,0,70.0,59.0,48.0,51.0,44.0,38.0,86.0,62.0,37.0,29.95,29.88,29.82,10.0,10.0,10.0,22.0,7.0,26.0,0.0,1.0,298.0,94041,0,0,0
0,0,12,1,69.0,60.0,51.0,48.0,44.0,42.0,77.0,58.0,39.0,30.04,29.98,29.93,10.0,10.0,10.0,21.0,6.0,26.0,0.0,1.0,247.0,94041,0,0,0
0,0,12,1,62.0,56.0,49.0,48.0,45.0,38.0,86.0,65.0,44.0,29.83,29.79,29.76,10.0,10.0,6.0,12.0,4.0,16.0,0.04,3.0,147.0,94041,0,0,1
0,0,12,1,71.0,62.0,53.0,55.0,49.0,43.0,78.0,63.0,48.0,30.12,30.08,30.05,10.0,10.0,10.0,14.0,5.0,17.0,0.0,6.0,271.0,94041,0,0,0
0,0,12,1,71.0,60.0,49.0,52.0,48.0,45.0,83.0,64.0,45.0,30.05,29.9,29.78,10.0,10.0,10.0,20.0,8.0,23.0,0.0,1.0,12.0,94041,0,0,0
0,0,12,1,70.0,63.0,55.0,55.0,49.0,41.0,86.0,61.0,36.0,30.19,30.15,30.1,10.0,10.0,10.0,18.0,9.0,30.0,0.0,5.0,309.0,94041,0,0,0
0,0,12,0,66.0,59.0,52.0,52.0,49.0,47.0,83.0,72.0,60.0,30.13,30.09,30.05,10.0,10.0,10.0,20.0,7.0,24.0,0.0,4.0,344.0,94041,0,0,0
0,0,12,0,76.0,66.0,56.0,55.0,53.0,50.0,80.0,63.0,46.0,29.94,29.89,29.81,10.0,10.0,8.0,15.0,5.0,20.0,0.0,2.0,334.0,94041,0,0,0
0,0,12,1,75.0,66.0,56.0,55.0,52.0,48.0,78.0,64.0,49.0,30.08,30.03,29.98,10.0,10.0,9.0,20.0,9.0,24.0,0.0,5.0,278.0,94041,0,0,0
0,0,12,1,74.0,68.0,61.0,59.0,57.0,55.0,84.0,71.0,57.0,29.84,29.78,29.73,10.0,10.0,10.0,17.0,7.0,22.0,0.0,2.0,357.0,94041,0,0,0
0,0,12,1,72.0,67.0,62.0,66.0,62.0,59.0,87.0,80.0,73.0,29.95,29.91,29.88,10.0,10.0,6.0,14.0,4.0,17.0,0.1,6.0,329.0,94041,0,0,1
0,0,1,1,76.0,67.0,58.0,57.0,54.0,51.0,80.0,63.0,46.0,29.92,29.87,29.83,10.0,10.0,10.0,20.0,10.0,23.0,0.0,0.0,51.0,94041,0,0,0
0,0,1,1,78.0,69.0,60.0,63.0,60.0,57.0,100.0,78.0,56.0,29.93,29.88,29.82,10.0,7.0,2.0,18.0,6.0,22.0,0.01,5.0,339.0,94041,0,0,0
0,0,1,0,72.0,65.0,58.0,54.0,49.0,43.0,72.0,58.0,44.0,30.01,29.97,29.92,10.0,10.0,10.0,22.0,8.0,25.0,0.0,3.0,338.0,94041,0,0,0
0,0,1,0,81.0,71.0,60.0,61.0,58.0,57.0,90.0,68.0,45.0,29.86,29.82,29.76,10.0,10.0,8.0,15.0,5.0,20.0,0.0,1.0,343.0,94041,0,0,0
0,0,1,1,77.0,66.0,54.0,55.0,48.0,41.0,71.0,50.0,29.0,30.01,29.97,29.94,10.0,10.0,10.0,21.0,6.0,25.0,0.0,0.0,348.0,94041,0,0,0
0,0,1,1,80.0,70.0,59.0,61.0,59.0,55.0,90.0,72.0,54.0,29.8,29.78,29.74,10.0,8.0,6.0,18.0,7.0,23.0,0.0,2.0,354.0,94041,0,0,0
0,0,1,1,86.0,71.0,56.0,59.0,52.0,45.0,80.0,53.0,26.0,29.96,29.91,29.86,10.0,10.0,10.0,25.0,7.0,28.0,0.0,0.0,358.0,94041,0,0,0
0,0,1,1,72.0,64.0,56.0,56.0,54.0,50.0,87.0,74.0,61.0,29.88,29.82,29.77,10.0,10.0,8.0,21.0,8.0,25.0,0.0,2.0,17.0,94041,0,0,0
0,0,1,1,73.0,65.0,56.0,52.0,48.0,45.0,77.0,59.0,41.0,29.89,29.85,29.83,10.0,10.0,10.0,23.0,7.0,26.0,0.0,0.0,297.0,94041,0,0,0
0,0,1,0,68.0,62.0,55.0,55.0,52.0,50.0,86.0,75.0,63.0,29.98,29.91,29.86,10.0,10.0,8.0,18.0,8.0,24.0,0.0,4.0,13.0,94041,0,0,0
0,0,1,0,69.0,63.0,56.0,50.0,45.0,42.0,77.0,59.0,40.0,29.95,29.93,29.88,10.0,10.0,10.0,21.0,7.0,26.0,0.0,0.0,254.0,94041,0,0,0
0,0,1,1,72.0,64.0,55.0,55.0,53.0,50.0,86.0,72.0,57.0,29.98,29.96,29.93,10.0,10.0,10.0,15.0,7.0,15.0,0.0,2.0,8.0,94041,0,0,0
0,0,1,1,78.0,65.0,52.0,53.0,47.0,43.0,77.0,54.0,30.0,29.97,29.94,29.91,10.0,10.0,10.0,21.0,8.0,24.0,0.0,0.0,12.0,94041,0,0,0
0,0,1,1,76.0,65.0,54.0,57.0,54.0,52.0,93.0,73.0,53.0,29.97,29.94,29.91,10.0,10.0,9.0,16.0,6.0,20.0,0.0,2.0,354.0,94041,0,0,0
0,0,1,1,88.0,71.0,54.0,55.0,49.0,42.0,78.0,51.0,24.0,29.97,29.94,29.92,10.0,10.0,10.0,22.0,7.0,24.0,0.0,0.0,355.0,94041,0,0,0
0,0,1,1,73.0,65.0,56.0,55.0,52.0,49.0,86.0,65.0,44.0,30.04,30.0,29.95,10.0,10.0,9.0,21.0,7.0,23.0,0.0,0.0,3.0,94041,0,0,0
0,0,1,0,75.0,66.0,56.0,55.0,53.0,51.0,86.0,70.0,53.0,30.02,29.99,29.96,10.0,10.0,10.0,24.0,9.0,28.0,0.0,0.0,356.0,94041,0,0,0
0,0,1,0,75.0,65.0,54.0,55.0,52.0,49.0,89.0,68.0,46.0,30.03,29.99,29.96,10.0,10.0,10.0,20.0,7.0,23.0,0.0,0.0,3.0,94041,0,0,0
0,0,1,1,73.0,64.0,54.0,52.0,50.0,47.0,86.0,65.0,44.0,29.93,29.89,29.85,10.0,10.0,10.0,17.0,7.0,22.0,0.0,3.0,31.0,94041,0,0,0
0,0,1,1,70.0,64.0,57.0,56.0,52.0,47.0,86.0,68.0,49.0,30.1,30.05,29.99,10.0,10.0,10.0,23.0,8.0,26.0,0.0,2.0,343.0,94041,0,0,0
0,0,1,1,84.0,71.0,57.0,57.0,51.0,39.0,80.0,52.0,23.0,30.01,29.98,29.95,10.0,10.0,10.0,21.0,6.0,25.0,0.0,0.0,349.0,94041,0,0,0
0,0,1,1,75.0,66.0,56.0,58.0,55.0,51.0,86.0,70.0,53.0,29.95,29.91,29.88,10.0,10.0,10.0,16.0,6.0,18.0,0.0,0.0,343.0,94041,0,0,0
0,0,1,1,71.0,64.0,56.0,54.0,52.0,50.0,80.0,67.0,53.0,29.97,29.94,29.92,10.0,10.0,9.0,18.0,7.0,21.0,0.0,0.0,1.0,94041,0,0,0
0,0,1,0,70.0,63.0,56.0,57.0,53.0,49.0,93.0,72.0,51.0,30.05,30.0,29.9,10.0,10.0,10.0,21.0,9.0,25.0,0.0,3.0,360.0,94041,0,0,0
0,0,1,0,71.0,63.0,54.0,55.0,51.0,48.0,83.0,68.0,53.0,29.98,29.95,29.92,10.0,10.0,10.0,21.0,7.0,24.0,0.0,0.0,359.0,94041,0,0,0
0,0,1,1,68.0,62.0,55.0,55.0,53.0,50.0,86.0,75.0,63.0,30.08,30.05,30.02,10.0,10.0,10.0,22.0,8.0,25.0,0.0,1.0,16.0,94041,0,0,0
0,0,1,1,74.0,65.0,56.0,57.0,52.0,50.0,86.0,68.0,49.0,29.99,29.96,29.93,10.0,10.0,10.0,20.0,7.0,23.0,0.0,2.0,45.0,94041,0,0,0
0,0,1,1,75.0,65.0,55.0,56.0,52.0,44.0,83.0,62.0,40.0,30.04,30.0,29.95,10.0,10.0,10.0,22.0,7.0,25.0,0.0,0.0,359.0,94041,0,0,0
0,0,1,1,79.0,68.0,57.0,55.0,52.0,48.0,84.0,61.0,38.0,30.03,30.0,29.98,10.0,10.0,10.0,22.0,8.0,26.0,0.0,0.0,347.0,94041,0,0,0
0,0,1,1,77.0,66.0,54.0,57.0,54.0,49.0,86.0,66.0,46.0,29.98,29.94,29.89,10.0,10.0,10.0,17.0,7.0,28.0,0.0,1.0,10.0,94041,0,0,0
0,0,1,0,76.0,67.0,58.0,58.0,56.0,54.0,87.0,71.0,54.0,30.02,30.0,29.99,10.0,10.0,10.0,22.0,8.0,28.0,0.0,0.0,358.0,94041,0,0,0
0,0,2,0,87.0,74.0,60.0,59.0,56.0,53.0,78.0,55.0,32.0,29.93,29.9,29.86,10.0,10.0,10.0,14.0,5.0,18.0,0.0,0.0,333.0,94041,0,0,0
0,0,2,1,75.0,68.0,61.0,58.0,55.0,51.0,90.0,68.0,46.0,30.02,29.99,29.96,10.0,10.0,9.0,22.0,9.0,25.0,0.01,3.0,330.0,94041,0,0,1
0,0,2,1,81.0,71.0,60.0,60.0,58.0,55.0,84.0,68.0,52.0,29.98,29.93,29.9,10.0,10.0,10.0,17.0,7.0,44.0,0.0,0.0,342.0,94041,0,0,0
0,0,2,1,77.0,69.0,60.0,62.0,57.0,53.0,78.0,68.0,57.0,30.02,29.99,29.94,10.0,10.0,10.0,22.0,9.0,25.0,0.0,3.0,343.0,94041,0,0,0
0,0,2,1,79.0,69.0,59.0,60.0,57.0,53.0,87.0,70.0,53.0,30.02,29.99,29.96,10.0,10.0,10.0,18.0,8.0,21.0,0.0,2.0,9.0,94041,0,0,0
0,0,2,1,78.0,69.0,59.0,57.0,53.0,43.0,78.0,56.0,33.0,29.99,29.96,29.92,10.0,10.0,10.0,23.0,8.0,26.0,0.0,0.0,349.0,94041,0,0,0
0,0,2,0,74.0,68.0,62.0,59.0,58.0,57.0,84.0,71.0,57.0,30.03,30.0,29.97,10.0,10.0,10.0,21.0,10.0,24.0,0.0,3.0,360.0,94041,0,0,0
0,0,2,0,83.0,71.0,58.0,58.0,55.0,48.0,84.0,59.0,33.0,29.96,29.91,29.85,10.0,10.0,10.0,18.0,6.0,22.0,0.0,0.0,348.0,94041,0,0,0
0,0,2,1,77.0,68.0,59.0,59.0,57.0,54.0,84.0,69.0,53.0,30.04,29.99,29.93,10.0,10.0,10.0,16.0,8.0,20.0,0.0,3.0,346.0,94041,0,0,0
0,0,2,1,72.0,64.0,56.0,54.0,51.0,48.0,86.0,68.0,49.0,29.96,29.92,29.88,10.0,10.0,10.0,16.0,7.0,20.0,0.0,3.0,34.0,94041,0,0,0
0,0,2,1,71.0,62.0,53.0,51.0,49.0,48.0,80.0,64.0,47.0,29.99,29.96,29.91,10.0,10.0,10.0,17.0,6.0,22.0,0.0,1.0,257.0,94041,0,0,0
0,0,2,1,86.0,74.0,62.0,61.0,57.0,54.0,84.0,61.0,37.0,29.86,29.83,29.8,10.0,10.0,10.0,17.0,5.0,21.0,0.0,0.0,339.0,94041,0,0,0
0,0,2,1,89.0,75.0,61.0,60.0,57.0,53.0,90.0,61.0,32.0,29.94,29.89,29.81,10.0,10.0,10.0,13.0,5.0,18.0,0.0,1.0,340.0,94041,0,0,0
0,0,2,0,76.0,66.0,56.0,57.0,54.0,51.0,86.0,68.0,49.0,29.92,29.89,29.84,10.0,10.0,9.0,15.0,5.0,18.0,0.0,2.0,337.0,94041,0,0,0
0,0,2,0,75.0,64.0,52.0,56.0,51.0,47.0,86.0,66.0,46.0,29.9,29.85,29.81,10.0,10.0,10.0,17.0,6.0,21.0,0.0,0.0,12.0,94041,0,0,0
0,0,2,1,75.0,66.0,57.0,57.0,55.0,53.0,86.0,72.0,57.0,29.88,29.85,29.81,10.0,9.0,7.0,17.0,6.0,21.0,0.0,2.0,336.0,94041,0,0,0
0,0,2,1,74.0,64.0,53.0,57.0,54.0,50.0,89.0,71.0,53.0,29.87,29.83,29.8,10.0,10.0,10.0,17.0,7.0,21.0,0.0,0.0,357.0,94041,0,0,0
0,0,2,1,74.0,66.0,57.0,56.0,54.0,51.0,86.0,70.0,53.0,29.86,29.84,29.81,10.0,10.0,8.0,16.0,7.0,21.0,0.0,2.0,349.0,94041,0,0,0
0,0,2,1,74.0,66.0,57.0,58.0,55.0,52.0,90.0,72.0,53.0,29.94,29.89,29.86,10.0,10.0,10.0,17.0,8.0,22.0,0.0,3.0,8.0,94041,0,0,0
0,0,2,1,75.0,65.0,54.0,57.0,54.0,50.0,86.0,70.0,53.0,29.87,29.84,29.79,10.0,10.0,9.0,15.0,5.0,21.0,0.0,3.0,18.0,94041,0,0,0
0,0,2,0,79.0,70.0,60.0,60.0,57.0,56.0,90.0,70.0,50.0,29.94,29.9,29.84,10.0,10.0,10.0,15.0,5.0,20.0,0.0,3.0,348.0,94041,0,0,0
0,0,2,0,88.0,74.0,59.0,61.0,57.0,54.0,84.0,60.0,36.0,29.84,29.79,29.72,10.0,9.0,8.0,17.0,5.0,22.0,0.0,0.0,339.0,94041,0,0,0
0,0,2,1,91.0,76.0,61.0,63.0,59.0,55.0,84.0,59.0,34.0,29.89,29.84,29.75,10.0,10.0,10.0,15.0,6.0,18.0,0.0,0.0,348.0,94041,0,0,0
0,0,2,1,82.0,73.0,63.0,60.0,58.0,56.0,78.0,61.0,43.0,29.77,29.74,29.7,10.0,10.0,10.0,20.0,6.0,22.0,0.0,0.0,325.0,94041,0,0,0
0,0,2,1,81.0,71.0,61.0,61.0,58.0,56.0,90.0,69.0,48.0,29.93,29.88,29.84,10.0,10.0,10.0,23.0,6.0,28.0,0.0,1.0,336.0,94041,0,0,0
0,0,2,1,76.0,69.0,61.0,59.0,57.0,55.0,84.0,69.0,54.0,29.87,29.83,29.81,10.0,10.0,9.0,20.0,9.0,24.0,0.0,2.0,356.0,94041,0,0,0
0,0,2,1,82.0,73.0,63.0,63.0,60.0,57.0,90.0,70.0,49.0,29.93,29.89,29.84,10.0,10.0,10.0,16.0,5.0,21.0,0.0,0.0,341.0,94041,0,0,1
0,0,2,0,77.0,68.0,59.0,58.0,56.0,53.0,84.0,67.0,50.0,29.96,29.91,29.87,10.0,10.0,6.0,18.0,9.0,22.0,0.0,0.0,45.0,94041,0,0,0
0,0,3,0,73.0,68.0,62.0,57.0,55.0,54.0,84.0,71.0,57.0,29.98,29.94,29.9,10.0,10.0,10.0,20.0,7.0,23.0,0.0,4.0,336.0,94041,0,0,0
0,0,3,1,75.0,67.0,59.0,56.0,55.0,53.0,78.0,66.0,53.0,30.1,30.02,29.96,10.0,9.0,2.0,22.0,9.0,25.0,0.0,2.0,359.0,94041,0,0,0
0,0,3,1,77.0,67.0,57.0,57.0,54.0,52.0,80.0,64.0,47.0,30.02,29.99,29.95,10.0,10.0,10.0,24.0,7.0,29.0,0.0,1.0,349.0,94041,0,0,0
0,0,3,1,71.0,66.0,60.0,57.0,55.0,53.0,84.0,72.0,59.0,30.11,30.08,30.04,10.0,10.0,10.0,20.0,8.0,23.0,0.0,4.0,340.0,94041,0,0,0
0,0,3,1,76.0,69.0,62.0,57.0,54.0,52.0,73.0,62.0,50.0,30.06,30.04,30.01,10.0,10.0,10.0,26.0,8.0,31.0,0.0,0.0,341.0,94041,0,0,0
0,0,3,1,73.0,66.0,58.0,60.0,56.0,53.0,84.0,71.0,57.0,30.06,30.0,29.91,10.0,10.0,10.0,13.0,6.0,18.0,0.0,3.0,340.0,94041,0,0,0
0,0,3,0,78.0,68.0,58.0,61.0,56.0,53.0,84.0,66.0,48.0,30.06,30.01,29.95,10.0,10.0,10.0,23.0,8.0,28.0,0.0,1.0,342.0,94041,0,0,0
0,0,3,0,81.0,72.0,62.0,61.0,59.0,57.0,90.0,71.0,51.0,29.94,29.9,29.87,10.0,10.0,10.0,14.0,5.0,18.0,0.0,0.0,330.0,94041,0,0,0
0,0,3,1,74.0,67.0,59.0,57.0,56.0,55.0,84.0,69.0,53.0,29.96,29.93,29.89,10.0,10.0,10.0,22.0,8.0,26.0,0.0,1.0,344.0,94041,0,0,0
0,0,3,1,80.0,71.0,61.0,64.0,60.0,57.0,87.0,71.0,54.0,30.01,29.97,29.93,10.0,10.0,10.0,20.0,8.0,23.0,0.0,2.0,334.0,94041,0,0,0
0,0,3,1,81.0,70.0,59.0,62.0,57.0,53.0,84.0,65.0,45.0,29.92,29.89,29.86,10.0,10.0,10.0,16.0,6.0,21.0,0.0,1.0,349.0,94041,0,0,0
0,0,3,1,80.0,72.0,64.0,61.0,59.0,56.0,87.0,68.0,48.0,30.05,30.0,29.96,10.0,10.0,10.0,25.0,9.0,29.0,0.0,3.0,4.0,94041,0,0,0
0,0,3,1,81.0,70.0,59.0,61.0,58.0,55.0,87.0,69.0,51.0,29.94,29.91,29.86,10.0,10.0,10.0,18.0,7.0,25.0,0.0,2.0,21.0,94041,0,0,0
0,0,3,0,79.0,71.0,62.0,59.0,57.0,56.0,84.0,66.0,48.0,30.03,29.99,29.94,10.0,10.0,10.0,25.0,9.0,28.0,0.0,0.0,16.0,94041,0,0,0
0,0,3,0,79.0,71.0,62.0,61.0,59.0,57.0,90.0,71.0,52.0,29.89,29.85,29.79,10.0,10.0,10.0,16.0,7.0,21.0,0.0,2.0,356.0,94041,0,0,0
0,0,3,1,74.0,68.0,62.0,59.0,57.0,55.0,78.0,68.0,57.0,30.03,29.99,29.95,10.0,10.0,10.0,21.0,9.0,24.0,0.0,2.0,16.0,94041,0,0,0
0,0,3,1,79.0,70.0,61.0,59.0,57.0,55.0,84.0,67.0,50.0,30.02,29.92,29.85,10.0,10.0,10.0,22.0,9.0,26.0,0.0,3.0,17.0,94041,0,0,0
0,0,3,1,76.0,70.0,63.0,60.0,59.0,57.0,87.0,73.0,58.0,29.98,29.96,29.93,10.0,10.0,10.0,21.0,8.0,25.0,0.0,3.0,351.0,94041,0,0,0
0,0,3,1,89.0,77.0,65.0,64.0,59.0,57.0,78.0,59.0,40.0,30.08,30.04,30.01,10.0,10.0,10.0,18.0,6.0,21.0,0.0,2.0,3.0,94041,0,0,0
0,0,3,1,77.0,69.0,60.0,58.0,55.0,53.0,84.0,67.0,50.0,29.93,29.89,29.86,10.0,10.0,4.0,24.0,9.0,29.0,0.0,3.0,34.0,94041,0,0,0
0,0,3,0,78.0,71.0,64.0,61.0,60.0,59.0,87.0,71.0,54.0,29.99,29.95,29.92,10.0,10.0,10.0,16.0,7.0,20.0,0.0,0.0,337.0,94041,0,0,1
0,0,3,0,78.0,71.0,64.0,61.0,60.0,59.0,87.0,72.0,56.0,30.01,29.97,29.94,10.0,10.0,10.0,22.0,10.0,26.0,0.0,4.0,351.0,94041,0,0,0
0,0,3,1,86.0,76.0,65.0,65.0,61.0,57.0,81.0,63.0,44.0,30.05,30.0,29.94,10.0,10.0,10.0,23.0,9.0,28.0,0.0,0.0,8.0,94041,0,0,0
0,0,3,1,78.0,71.0,64.0,60.0,58.0,54.0,81.0,66.0,50.0,30.06,30.03,29.99,10.0,10.0,10.0,22.0,9.0,26.0,0.0,3.0,360.0,94041,0,0,0
0,0,3,1,75.0,69.0,63.0,60.0,59.0,57.0,84.0,73.0,61.0,29.96,29.92,29.87,10.0,10.0,10.0,21.0,9.0,26.0,0.0,2.0,4.0,94041,0,0,0
0,0,3,1,79.0,72.0,64.0,59.0,57.0,55.0,78.0,64.0,50.0,30.13,30.08,30.05,10.0,10.0,10.0,20.0,7.0,24.0,0.0,4.0,331.0,94041,0,0,1
0,0,3,1,74.0,67.0,60.0,57.0,55.0,50.0,90.0,70.0,49.0,29.94,29.88,29.85,10.0,10.0,10.0,25.0,8.0,30.0,0.0,0.0,4.0,94041,0,0,0
0,0,3,0,77.0,70.0,62.0,62.0,57.0,54.0,78.0,66.0,54.0,30.16,30.11,30.06,10.0,10.0,10.0,22.0,7.0,29.0,0.0,1.0,340.0,94041,0,0,0
0,0,3,0,74.0,66.0,57.0,56.0,53.0,50.0,80.0,65.0,49.0,30.08,30.01,29.94,10.0,10.0,10.0,20.0,8.0,24.0,0.0,2.0,342.0,94041,0,0,0
0,0,3,1,85.0,73.0,61.0,61.0,58.0,55.0,90.0,65.0,40.0,30.07,29.96,29.85,10.0,10.0,10.0,21.0,7.0,23.0,0.0,1.0,358.0,94041,0,0,0
0,0,3,1,75.0,66.0,56.0,57.0,52.0,48.0,77.0,62.0,46.0,30.14,30.11,30.07,10.0,10.0,10.0,23.0,8.0,25.0,0.0,0.0,346.0,94041,0,0,0
0,0,4,1,95.0,79.0,62.0,61.0,57.0,43.0,78.0,48.0,18.0,29.9,29.87,29.83,10.0,10.0,10.0,20.0,5.0,23.0,0.0,0.0,340.0,94041,0,0,0
0,0,4,1,72.0,66.0,59.0,59.0,57.0,52.0,87.0,77.0,66.0,30.12,30.07,30.01,10.0,10.0,10.0,23.0,8.0,31.0,0.0,1.0,2.0,94041,0,0,0
0,0,4,1,84.0,74.0,63.0,62.0,60.0,57.0,81.0,64.0,46.0,29.97,29.93,29.89,10.0,10.0,8.0,17.0,6.0,21.0,0.0,0.0,339.0,94041,0,0,0
0,0,4,0,79.0,69.0,59.0,59.0,55.0,51.0,87.0,63.0,39.0,30.0,29.96,29.93,10.0,10.0,10.0,22.0,7.0,26.0,0.0,2.0,358.0,94041,0,0,0
0,0,4,0,85.0,74.0,63.0,62.0,60.0,57.0,87.0,65.0,43.0,30.02,29.97,29.93,10.0,10.0,10.0,15.0,7.0,20.0,0.0,1.0,328.0,94041,0,0,0
0,0,4,1,85.0,72.0,59.0,61.0,56.0,51.0,78.0,57.0,36.0,29.98,29.93,29.88,10.0,10.0,10.0,23.0,7.0,26.0,0.0,0.0,346.0,94041,0,0,0
0,0,4,1,79.0,70.0,61.0,61.0,59.0,57.0,84.0,70.0,56.0,30.07,30.04,30.01,10.0,10.0,10.0,16.0,5.0,21.0,0.0,1.0,339.0,94041,0,0,0
0,0,4,1,92.0,76.0,60.0,60.0,57.0,54.0,78.0,55.0,32.0,29.91,29.88,29.83,10.0,10.0,1.0,17.0,4.0,22.0,0.0,0.0,345.0,94041,0,0,0
0,0,4,1,80.0,72.0,63.0,61.0,59.0,58.0,90.0,69.0,48.0,30.08,30.04,29.99,10.0,10.0,10.0,15.0,7.0,18.0,0.0,2.0,338.0,94041,0,0,0
0,0,4,1,85.0,75.0,64.0,63.0,58.0,53.0,87.0,64.0,40.0,29.98,29.92,29.88,10.0,10.0,9.0,16.0,6.0,21.0,0.0,0.0,341.0,94041,0,0,0
0,0,4,0,75.0,66.0,57.0,58.0,55.0,53.0,86.0,70.0,53.0,29.96,29.93,29.91,10.0,10.0,10.0,18.0,7.0,22.0,0.0,0.0,11.0,94041,0,0,0
0,0,4,0,78.0,70.0,62.0,62.0,60.0,59.0,93.0,74.0,54.0,29.97,29.93,29.87,10.0,10.0,10.0,21.0,8.0,25.0,0.0,3.0,350.0,94041,0,0,0
0,0,4,1,80.0,72.0,63.0,62.0,60.0,59.0,90.0,72.0,54.0,30.03,29.99,29.95,10.0,10.0,8.0,17.0,6.0,21.0,0.0,3.0,328.0,94041,0,0,0
0,0,4,1,78.0,71.0,64.0,64.0,61.0,60.0,87.0,73.0,58.0,30.06,30.01,29.97,10.0,10.0,9.0,15.0,8.0,28.0,0.0,3.0,350.0,94041,0,0,0
0,0,4,1,78.0,70.0,62.0,61.0,59.0,57.0,90.0,73.0,56.0,30.01,29.96,29.9,10.0,10.0,9.0,14.0,5.0,18.0,0.0,3.0,340.0,94041,0,0,0
0,0,4,1,76.0,70.0,64.0,62.0,60.0,58.0,87.0,76.0,64.0,30.05,30.02,29.97,10.0,10.0,10.0,21.0,8.0,24.0,0.0,3.0,2.0,94041,0,0,0
0,0,4,1,74.0,66.0,57.0,58.0,55.0,54.0,87.0,72.0,57.0,30.03,29.97,29.92,10.0,10.0,8.0,18.0,7.0,22.0,0.0,1.0,342.0,94041,0,0,0
0,0,4,0,76.0,70.0,63.0,62.0,60.0,59.0,90.0,75.0,60.0,29.91,29.88,29.84,10.0,10.0,10.0,20.0,7.0,23.0,0.0,4.0,359.0,94041,0,0,0
0,0,4,0,78.0,67.0,56.0,59.0,55.0,53.0,86.0,66.0,46.0,30.09,30.05,30.02,10.0,10.0,8.0,14.0,6.0,17.0,0.0,2.0,343.0,94041,0,0,0
0,0,4,1,78.0,70.0,61.0,61.0,58.0,56.0,90.0,72.0,54.0,30.02,29.95,29.9,10.0,10.0,9.0,22.0,9.0,25.0,0.0,3.0,39.0,94041,0,0,0
0,0,4,1,77.0,66.0,55.0,58.0,55.0,52.0,87.0,67.0,46.0,30.07,30.02,29.96,10.0,10.0,10.0,14.0,6.0,18.0,0.0,1.0,338.0,94041,0,0,0
0,0,4,1,77.0,70.0,63.0,59.0,57.0,55.0,84.0,69.0,54.0,30.1,30.06,30.02,10.0,10.0,10.0,23.0,9.0,26.0,0.0,3.0,351.0,94041,0,0,0
0,0,4,1,80.0,69.0,58.0,60.0,57.0,55.0,87.0,68.0,48.0,29.95,29.91,29.85,10.0,10.0,10.0,17.0,5.0,21.0,0.0,2.0,341.0,94041,0,0,0
0,0,4,1,78.0,69.0,60.0,60.0,57.0,53.0,84.0,66.0,47.0,30.06,30.0,29.92,10.0,10.0,10.0,25.0,8.0,29.0,0.0,3.0,336.0,94041,0,0,0
0,0,4,0,76.0,68.0,60.0,58.0,57.0,55.0,90.0,72.0,54.0,29.94,29.9,29.87,10.0,10.0,10.0,18.0,8.0,22.0,0.0,2.0,350.0,94041,0,0,0
0,0,4,0,74.0,67.0,59.0,57.0,54.0,53.0,84.0,69.0,53.0,29.93,29.89,29.83,10.0,10.0,10.0,22.0,7.0,26.0,0.0,3.0,319.0,94041,0,0,0
0,0,4,1,77.0,68.0,59.0,59.0,56.0,54.0,90.0,72.0,54.0,29.96,29.92,29.86,10.0,10.0,9.0,17.0,8.0,23.0,0.0,3.0,8.0,94041,0,0,0
0,0,4,1,71.0,66.0,61.0,58.0,55.0,53.0,78.0,70.0,61.0,29.92,29.89,29.85,10.0,10.0,10.0,16.0,6.0,20.0,0.0,8.0,299.0,94041,0,0,1
0,0,4,1,78.0,70.0,62.0,62.0,60.0,58.0,87.0,72.0,56.0,29.94,29.92,29.88,10.0,10.0,9.0,15.0,6.0,21.0,0.0,0.0,333.0,94041,0,0,0
0,0,4,1,77.0,71.0,64.0,62.0,60.0,58.0,84.0,69.0,54.0,30.04,29.99,29.94,10.0,10.0,10.0,18.0,8.0,22.0,0.0,3.0,29.0,94041,0,0,0
0,0,5,1,77.0,69.0,60.0,58.0,55.0,52.0,84.0,69.0,53.0,30.03,29.98,29.94,10.0,10.0,10.0,17.0,6.0,21.0,0.0,3.0,345.0,94041,0,0,0
0,0,5,0,79.0,69.0,59.0,61.0,58.0,55.0,90.0,72.0,53.0,30.0,29.95,29.92,10.0,10.0,10.0,22.0,7.0,28.0,0.0,1.0,4.0,94041,0,0,0
0,0,5,0,76.0,69.0,62.0,59.0,57.0,55.0,84.0,69.0,54.0,29.98,29.95,29.9,10.0,10.0,10.0,18.0,7.0,21.0,0.0,3.0,357.0,94041,0,0,0
0,0,5,1,77.0,69.0,61.0,59.0,56.0,52.0,84.0,67.0,50.0,30.01,29.95,29.91,10.0,10.0,10.0,24.0,7.0,28.0,0.0,2.0,349.0,94041,0,0,0
0,0,5,1,77.0,68.0,59.0,59.0,56.0,54.0,84.0,67.0,50.0,30.0,29.96,29.93,10.0,10.0,10.0,22.0,7.0,25.0,0.0,1.0,356.0,94041,0,0,0
0,0,5,1,81.0,70.0,59.0,61.0,55.0,51.0,81.0,62.0,42.0,30.08,30.04,30.0,10.0,10.0,10.0,22.0,7.0,30.0,0.0,0.0,343.0,94041,0,0,0
0,0,5,1,77.0,69.0,61.0,61.0,57.0,55.0,84.0,69.0,53.0,30.02,29.98,29.93,10.0,10.0,10.0,24.0,7.0,28.0,0.0,3.0,350.0,94041,0,0,0
0,0,5,1,79.0,70.0,61.0,61.0,58.0,54.0,90.0,68.0,45.0,30.07,30.05,30.0,10.0,10.0,10.0,23.0,7.0,28.0,0.0,2.0,346.0,94041,0,0,0
0,0,5,0,76.0,69.0,61.0,60.0,58.0,57.0,90.0,74.0,58.0,29.99,29.95,29.9,10.0,10.0,10.0,18.0,6.0,23.0,0.0,2.0,346.0,94041,0,0,0
0,0,5,0,78.0,71.0,63.0,60.0,58.0,55.0,84.0,67.0,50.0,30.11,30.06,30.01,10.0,10.0,9.0,21.0,8.0,25.0,0.0,3.0,334.0,94041,0,0,0
0,0,5,1,77.0,69.0,60.0,61.0,59.0,57.0,90.0,72.0,54.0,30.02,29.99,29.95,10.0,10.0,10.0,17.0,6.0,18.0,0.0,2.0,341.0,94041,0,0,0
0,0,5,1,95.0,77.0,58.0,63.0,56.0,50.0,86.0,55.0,23.0,30.01,29.96,29.88,10.0,8.0,3.0,16.0,5.0,18.0,0.0,0.0,346.0,94041,0,0,0
0,0,5,1,78.0,69.0,60.0,60.0,58.0,57.0,90.0,72.0,54.0,30.06,30.02,29.98,10.0,10.0,9.0,15.0,6.0,20.0,0.0,4.0,343.0,94041,0,0,0
0,0,5,1,97.0,82.0,66.0,63.0,58.0,49.0,78.0,50.0,22.0,29.92,29.87,29.81,9.0,8.0,6.0,16.0,4.0,20.0,0.0,0.0,343.0,94041,0,0,0
0,0,5,1,74.0,67.0,60.0,60.0,57.0,55.0,90.0,76.0,61.0,30.06,30.0,29.94,10.0,10.0,10.0,16.0,7.0,21.0,0.0,4.0,350.0,94041,0,0,0
0,0,5,0,85.0,74.0,62.0,64.0,60.0,55.0,87.0,66.0,45.0,29.92,29.86,29.82,10.0,9.0,7.0,14.0,6.0,17.0,0.0,1.0,341.0,94041,0,0,0
0,0,5,0,72.0,67.0,62.0,59.0,57.0,55.0,84.0,73.0,61.0,29.94,29.89,29.83,10.0,10.0,8.0,22.0,7.0,25.0,0.0,4.0,357.0,94041,0,0,0
0,0,5,1,78.0,69.0,60.0,61.0,58.0,55.0,90.0,72.0,54.0,29.95,29.92,29.88,10.0,9.0,6.0,17.0,8.0,21.0,0.0,4.0,11.0,94041,0,0,0
0,0,5,1,79.0,71.0,63.0,59.0,57.0,54.0,84.0,67.0,50.0,29.9,29.86,29.81,10.0,10.0,10.0,20.0,7.0,23.0,0.0,4.0,39.0,94041,0,0,0
0,0,5,1,75.0,70.0,64.0,61.0,58.0,55.0,78.0,68.0,57.0,29.96,29.93,29.9,10.0,9.0,7.0,20.0,7.0,23.0,0.0,3.0,17.0,94041,0,0,0
0,0,5,1,72.0,67.0,62.0,59.0,58.0,57.0,90.0,78.0,66.0,29.98,29.94,29.91,10.0,10.0,9.0,14.0,7.0,14.0,0.0,5.0,339.0,94041,0,0,0
0,0,5,1,75.0,69.0,63.0,61.0,58.0,56.0,87.0,72.0,57.0,30.0,29.96,29.91,10.0,10.0,10.0,21.0,8.0,23.0,0.0,4.0,349.0,94041,0,0,0
0,0,5,0,79.0,70.0,60.0,58.0,56.0,54.0,84.0,65.0,45.0,29.94,29.9,29.87,10.0,10.0,10.0,17.0,6.0,21.0,0.0,2.0,13.0,94041,0,0,0
0,0,5,0,72.0,68.0,63.0,58.0,57.0,55.0,78.0,68.0,57.0,29.94,29.91,29.87,10.0,10.0,10.0,17.0,8.0,23.0,0.0,4.0,346.0,94041,0,0,0
0,0,5,1,78.0,69.0,60.0,61.0,57.0,54.0,90.0,72.0,53.0,29.97,29.94,29.91,10.0,10.0,10.0,18.0,7.0,41.0,0.0,0.0,354.0,94041,0,0,0
0,0,5,1,75.0,68.0,61.0,59.0,57.0,55.0,84.0,71.0,57.0,29.92,29.89,29.87,10.0,10.0,10.0,20.0,8.0,23.0,0.0,2.0,75.0,94041,0,0,0
0,0,5,1,80.0,71.0,61.0,61.0,58.0,56.0,90.0,69.0,48.0,29.95,29.93,29.89,10.0,10.0,9.0,24.0,8.0,28.0,0.0,2.0,347.0,94041,0,0,0
0,0,5,1,77.0,69.0,61.0,60.0,57.0,55.0,84.0,69.0,54.0,29.96,29.92,29.88,10.0,10.0,10.0,17.0,8.0,21.0,0.0,4.0,50.0,94041,0,0,0
0,0,5,1,77.0,69.0,60.0,59.0,56.0,53.0,84.0,65.0,46.0,29.98,29.92,29.86,10.0,10.0,10.0,17.0,7.0,21.0,0.0,3.0,358.0,94041,0,0,0
0,0,5,0,75.0,69.0,63.0,59.0,57.0,56.0,84.0,71.0,57.0,30.04,29.99,29.95,10.0,10.0,10.0,20.0,7.0,23.0,0.0,4.0,25.0,94041,0,0,0
0,0,5,0,76.0,69.0,61.0,59.0,56.0,53.0,84.0,69.0,53.0,29.93,29.88,29.83,10.0,10.0,10.0,20.0,8.0,24.0,0.0,3.0,28.0,94041,0,0,0
0,0,6,1,75.0,68.0,61.0,59.0,57.0,55.0,84.0,71.0,57.0,30.08,30.03,29.98,10.0,10.0,9.0,15.0,7.0,20.0,0.0,3.0,358.0,94041,0,0,0
0,0,6,1,76.0,68.0,59.0,57.0,54.0,53.0,78.0,64.0,49.0,29.97,29.9,29.86,10.0,10.0,10.0,23.0,6.0,28.0,0.0,2.0,349.0,94041,0,0,0
0,0,6,1,76.0,68.0,59.0,60.0,58.0,55.0,84.0,71.0,57.0,30.04,30.0,29.95,10.0,10.0,9.0,16.0,6.0,18.0,0.0,2.0,358.0,94041,0,0,0
0,0,6,1,75.0,67.0,58.0,58.0,55.0,52.0,84.0,67.0,50.0,30.03,29.99,29.95,10.0,10.0,10.0,17.0,6.0,22.0,0.0,1.0,9.0,94041,0,0,0
0,0,6,1,83.0,72.0,61.0,60.0,58.0,54.0,90.0,64.0,37.0,30.06,30.02,29.98,10.0,9.0,5.0,17.0,5.0,20.0,0.0,3.0,353.0,94041,0,0,0
0,0,6,0,80.0,70.0,60.0,61.0,58.0,56.0,84.0,65.0,45.0,30.08,30.04,30.0,10.0,10.0,10.0,21.0,6.0,23.0,0.0,0.0,344.0,94041,0,0,0
0,0,6,0,89.0,76.0,63.0,59.0,55.0,48.0,78.0,52.0,26.0,30.07,30.02,29.97,10.0,10.0,10.0,22.0,5.0,25.0,0.0,0.0,356.0,94041,0,0,0
0,0,6,1,79.0,70.0,61.0,61.0,58.0,56.0,90.0,68.0,45.0,30.09,30.03,29.96,10.0,10.0,10.0,17.0,5.0,21.0,0.0,2.0,350.0,94041,0,0,0
0,0,6,1,91.0,78.0,64.0,65.0,60.0,53.0,87.0,61.0,34.0,29.98,29.91,29.84,10.0,10.0,10.0,22.0,7.0,26.0,0.0,1.0,356.0,94041,0,0,0
0,0,6,1,80.0,70.0,64.0,65.0,61.0,58.0,83.0,72.0,55.0,30.04,30.04,29.94,10.0,10.0,10.0,16.0,5.0,16.0,0.0,4.0,355.0,94041,0,0,0
0,0,6,1,80.0,71.0,62.0,60.0,58.0,57.0,90.0,73.0,56.0,29.99,29.95,29.91,10.0,10.0,10.0,20.0,5.0,24.0,0.0,3.0,350.0,94041,0,0,0
0,0,6,1,81.0,73.0,64.0,65.0,62.0,52.0,87.0,68.0,49.0,30.03,29.98,29.92,10.0,10.0,10.0,23.0,7.0,29.0,0.0,4.0,349.0,94041,0,0,0
0,0,6,0,72.0,67.0,62.0,58.0,57.0,55.0,84.0,73.0,61.0,29.99,29.96,29.93,10.0,10.0,10.0,20.0,8.0,23.0,0.0,5.0,8.0,94041,0,0,0
0,0,6,0,77.0,70.0,62.0,56.0,54.0,52.0,78.0,61.0,43.0,30.0,29.97,29.93,10.0,10.0,10.0,23.0,6.0,26.0,0.0,1.0,308.0,94041,0,0,0
0,0,6,1,87.0,72.0,63.0,66.0,61.0,57.0,84.0,68.0,47.0,30.03,30.02,29.9,10.0,10.0,10.0,15.0,2.0,18.0,0.0,2.0,5.0,94041,0,0,0
0,0,6,1,81.0,71.0,61.0,60.0,58.0,55.0,90.0,66.0,42.0,29.94,29.91,29.88,10.0,10.0,10.0,23.0,7.0,26.0,0.0,0.0,344.0,94041,0,0,0
0,0,6,1,79.0,70.0,61.0,60.0,55.0,51.0,78.0,63.0,47.0,30.08,30.02,29.96,10.0,10.0,10.0,22.0,8.0,25.0,0.0,2.0,327.0,94041,0,0,0
0,0,6,1,78.0,68.0,59.0,62.0,58.0,52.0,83.0,70.0,55.0,29.97,29.97,29.88,10.0,10.0,10.0,14.0,2.0,20.0,0.0,0.0,353.0,94041,0,0,0
0,0,6,1,79.0,69.0,59.0,60.0,58.0,56.0,90.0,69.0,48.0,29.96,29.91,29.85,10.0,10.0,10.0,21.0,6.0,23.0,0.0,0.0,356.0,94041,0,0,0
0,0,6,0,82.0,72.0,61.0,62.0,56.0,52.0,84.0,63.0,42.0,29.97,29.92,29.86,10.0,10.0,10.0,22.0,6.0,25.0,0.0,0.0,6.0,94041,0,0,0
0,0,6,0,75.0,69.0,62.0,59.0,57.0,55.0,84.0,71.0,57.0,30.02,29.98,29.95,10.0,10.0,10.0,17.0,7.0,22.0,0.0,3.0,357.0,94041,0,0,0
0,0,6,1,76.0,68.0,59.0,56.0,54.0,51.0,75.0,61.0,46.0,30.03,30.0,29.98,10.0,10.0,10.0,20.0,6.0,23.0,0.0,1.0,318.0,94041,0,0,0
0,0,6,1,79.0,71.0,63.0,60.0,58.0,57.0,84.0,69.0,54.0,30.09,30.04,30.01,10.0,10.0,10.0,18.0,6.0,24.0,0.0,4.0,346.0,94041,0,0,0
0,0,6,1,78.0,69.0,60.0,62.0,57.0,53.0,87.0,71.0,54.0,30.07,30.0,29.93,10.0,10.0,10.0,16.0,6.0,20.0,0.0,0.0,359.0,94041,0,0,0
0,0,6,1,83.0,73.0,63.0,64.0,62.0,59.0,87.0,67.0,47.0,30.04,30.01,29.96,10.0,10.0,8.0,20.0,6.0,23.0,0.0,2.0,342.0,94041,0,0,1
0,0,6,1,77.0,69.0,61.0,61.0,60.0,58.0,90.0,75.0,60.0,29.93,29.89,29.83,10.0,10.0,8.0,22.0,5.0,25.0,0.01,1.0,357.0,94041,0,0,0
0,0,6,0,74.0,68.0,62.0,60.0,58.0,56.0,90.0,74.0,57.0,29.99,29.97,29.92,10.0,10.0,10.0,20.0,7.0,23.0,0.0,3.0,357.0,94041,0,0,0
0,0,6,0,79.0,70.0,60.0,59.0,57.0,54.0,84.0,66.0,48.0,29.92,29.88,29.84,10.0,10.0,10.0,20.0,8.0,24.0,0.0,1.0,356.0,94041,0,0,0
0,0,6,1,77.0,69.0,60.0,59.0,56.0,55.0,84.0,67.0,50.0,29.96,29.93,29.89,10.0,10.0,9.0,17.0,6.0,20.0,0.0,1.0,8.0,94041,0,0,0
0,0,6,1,76.0,69.0,62.0,59.0,57.0,53.0,84.0,69.0,53.0,29.97,29.94,29.92,10.0,10.0,10.0,23.0,9.0,26.0,0.0,2.0,39.0,94041,0,0,0
0,0,7,1,72.0,66.0,59.0,58.0,55.0,53.0,84.0,73.0,61.0,30.01,29.97,29.92,10.0,10.0,10.0,21.0,7.0,24.0,0.0,1.0,15.0,94041,0,0,0
0,0,7,1,77.0,67.0,57.0,62.0,56.0,51.0,80.0,69.0,57.0,29.98,29.95,29.91,10.0,10.0,10.0,23.0,7.0,28.0,0.0,0.0,14.0,94041,0,0,0
0,0,7,1,81.0,70.0,61.0,62.0,58.0,54.0,80.0,67.0,47.0,29.94,29.95,29.85,10.0,10.0,10.0,14.0,4.0,16.0,0.0,1.0,354.0,94041,0,0,0
0,0,7,0,85.0,73.0,60.0,60.0,58.0,53.0,84.0,59.0,34.0,29.87,29.83,29.77,10.0,10.0,10.0,17.0,5.0,21.0,0.0,0.0,342.0,94041,0,0,0
0,0,7,0,81.0,70.0,62.0,62.0,58.0,54.0,82.0,68.0,52.0,29.89,29.82,29.73,10.0,10.0,9.0,6.0,0.0,6.0,0.0,3.0,18.0,94041,0,0,0
0,0,7,1,86.0,72.0,57.0,61.0,57.0,50.0,90.0,60.0,29.0,29.97,29.91,29.83,10.0,9.0,5.0,14.0,4.0,16.0,0.0,2.0,336.0,94041,0,0,0
0,0,7,1,77.0,66.0,56.0,60.0,55.0,50.0,81.0,68.0,55.0,29.98,29.97,29.88,10.0,10.0,9.0,12.0,1.0,15.0,0.0,0.0,6.0,94041,0,0,0
0,0,7,1,85.0,72.0,59.0,60.0,57.0,53.0,84.0,61.0,37.0,29.93,29.88,29.82,10.0,10.0,7.0,14.0,4.0,16.0,0.0,1.0,314.0,94041,0,0,0
0,0,7,1,75.0,67.0,61.0,61.0,57.0,53.0,78.0,71.0,60.0,29.98,29.97,29.88,10.0,10.0,10.0,14.0,2.0,18.0,0.0,4.0,353.0,94041,0,0,0
0,0,7,1,81.0,71.0,60.0,60.0,57.0,53.0,84.0,62.0,39.0,29.92,29.87,29.81,10.0,10.0,9.0,13.0,4.0,15.0,0.0,1.0,319.0,94041,0,0,0
0,0,7,0,73.0,66.0,61.0,60.0,56.0,54.0,79.0,73.0,62.0,29.92,29.89,29.78,10.0,10.0,10.0,17.0,3.0,17.0,0.0,4.0,356.0,94041,0,0,0
0,0,7,0,79.0,70.0,61.0,60.0,58.0,56.0,90.0,69.0,48.0,29.88,29.84,29.8,10.0,10.0,7.0,15.0,4.0,20.0,0.0,2.0,327.0,94041,0,0,0
0,0,7,1,73.0,64.0,57.0,60.0,55.0,50.0,82.0,71.0,62.0,29.84,29.83,29.75,10.0,10.0,10.0,15.0,2.0,16.0,0.0,4.0,353.0,94041,0,0,0
0,0,7,1,78.0,70.0,61.0,59.0,57.0,50.0,90.0,65.0,39.0,29.88,29.85,29.81,10.0,10.0,9.0,14.0,5.0,21.0,0.0,2.0,336.0,94041,0,0,0
0,0,7,1,79.0,66.0,56.0,61.0,55.0,49.0,80.0,69.0,52.0,29.88,29.86,29.8,10.0,10.0,10.0,15.0,2.0,16.0,0.0,4.0,338.0,94041,0,0,0
0,0,7,1,77.0,69.0,60.0,58.0,55.0,49.0,84.0,65.0,46.0,29.96,29.91,29.86,10.0,10.0,10.0,22.0,6.0,24.0,0.0,2.0,347.0,94041,0,0,0
0,0,7,1,81.0,68.0,60.0,62.0,56.0,51.0,83.0,68.0,45.0,29.9,29.88,29.78,10.0,10.0,10.0,17.0,2.0,18.0,0.0,3.0,329.0,94041,0,0,0
0,0,7,0,82.0,70.0,57.0,61.0,55.0,50.0,87.0,61.0,35.0,29.96,29.89,29.82,10.0,10.0,10.0,18.0,6.0,22.0,0.0,0.0,357.0,94041,0,0,0
0,0,7,0,76.0,65.0,56.0,56.0,52.0,49.0,81.0,64.0,43.0,29.89,29.9,29.85,10.0,10.0,10.0,23.0,3.0,32.0,0.0,1.0,319.0,94041,0,0,0
0,0,7,1,84.0,74.0,63.0,61.0,58.0,51.0,90.0,63.0,36.0,29.84,29.8,29.74,10.0,10.0,10.0,20.0,6.0,23.0,0.0,4.0,28.0,94041,0,0,0
0,0,7,1,84.0,66.0,52.0,58.0,51.0,46.0,81.0,62.0,36.0,29.91,29.89,29.8,10.0,10.0,10.0,11.0,2.0,15.0,0.0,0.0,346.0,94041,0,0,0
0,0,7,1,83.0,75.0,66.0,63.0,61.0,55.0,81.0,62.0,43.0,29.91,29.85,29.79,10.0,10.0,10.0,17.0,7.0,20.0,0.0,6.0,109.0,94041,0,0,1
0,0,7,1,86.0,66.0,52.0,60.0,52.0,45.0,81.0,61.0,37.0,29.85,29.83,29.73,10.0,10.0,10.0,12.0,2.0,15.0,0.0,0.0,349.0,94041,0,0,0
0,0,7,1,75.0,69.0,62.0,63.0,61.0,59.0,93.0,79.0,64.0,29.94,29.91,29.86,10.0,10.0,10.0,20.0,6.0,24.0,0.0,3.0,329.0,94041,0,0,0
0,0,7,0,80.0,71.0,66.0,64.0,61.0,58.0,80.0,70.0,58.0,29.95,29.95,29.86,10.0,10.0,10.0,14.0,4.0,19.0,0.0,5.0,337.0,94041,0,0,0
0,0,7,0,76.0,69.0,61.0,60.0,59.0,57.0,84.0,73.0,61.0,29.87,29.83,29.79,10.0,10.0,10.0,18.0,7.0,23.0,0.0,2.0,359.0,94041,0,0,0
0,0,7,1,78.0,65.0,52.0,60.0,54.0,46.0,81.0,68.0,54.0,29.87,29.86,29.78,10.0,10.0,10.0,16.0,2.0,18.0,0.0,3.0,354.0,94041,0,0,0
0,0,7,1,77.0,70.0,63.0,63.0,60.0,57.0,87.0,74.0,60.0,29.96,29.93,29.9,10.0,10.0,9.0,20.0,6.0,23.0,0.0,4.0,349.0,94041,0,0,0
0,0,7,1,70.0,64.0,56.0,59.0,55.0,50.0,81.0,74.0,61.0,29.91,29.87,29.81,10.0,8.0,1.0,11.0,2.0,15.0,0.37,5.0,259.0,94041,0,0,1
0,0,7,1,74.0,69.0,64.0,60.0,58.0,56.0,78.0,70.0,61.0,30.04,30.0,29.94,10.0,10.0,10.0,21.0,6.0,24.0,0.0,5.0,327.0,94041,0,0,0
0,0,7,1,74.0,61.0,50.0,56.0,51.0,46.0,87.0,70.0,46.0,30.01,29.99,29.9,10.0,10.0,10.0,16.0,4.0,21.0,0.0,1.0,330.0,94041,0,0,0
0,0,8,0,78.0,71.0,63.0,59.0,57.0,55.0,78.0,64.0,50.0,30.07,30.02,29.97,10.0,10.0,10.0,18.0,5.0,28.0,0.0,4.0,330.0,94041,0,0,0
0,0,8,0,82.0,66.0,52.0,59.0,53.0,46.0,83.0,65.0,44.0,30.02,30.0,29.91,10.0,10.0,10.0,15.0,4.0,18.0,0.0,0.0,337.0,94041,0,0,0
0,0,8,1,78.0,69.0,60.0,63.0,58.0,55.0,84.0,67.0,50.0,30.03,29.99,29.93,10.0,10.0,10.0,20.0,5.0,22.0,0.0,2.0,346.0,94041,0,0,0
0,0,8,1,77.0,65.0,32.0,54.0,51.0,15.0,80.0,63.0,41.0,30.0,29.98,29.92,10.0,10.0,10.0,17.0,5.0,28.0,0.0,0.0,303.0,94041,0,0,0
0,0,8,1,80.0,71.0,62.0,62.0,59.0,57.0,84.0,69.0,54.0,29.99,29.94,29.88,10.0,10.0,10.0,21.0,5.0,24.0,0.0,3.0,310.0,94041,0,0,0
0,0,8,1,72.0,62.0,55.0,48.0,46.0,44.0,73.0,58.0,42.0,29.94,29.92,29.83,10.0,10.0,10.0,28.0,6.0,28.0,0.0,0.0,293.0,94041,0,0,0
0,0,8,1,73.0,66.0,59.0,63.0,59.0,54.0,100.0,79.0,57.0,30.04,29.98,29.92,10.0,7.0,2.0,17.0,5.0,28.0,0.41,6.0,315.0,94041,0,0,1
0,0,8,0,76.0,60.0,47.0,45.0,42.0,39.0,76.0,54.0,29.0,29.98,29.93,29.84,10.0,10.0,10.0,15.0,3.0,17.0,0.0,0.0,321.0,94041,0,0,0
0,0,8,0,75.0,66.0,57.0,61.0,56.0,51.0,100.0,73.0,46.0,30.02,29.98,29.94,10.0,10.0,10.0,16.0,5.0,22.0,0.0,2.0,288.0,94041,0,0,0
0,0,8,1,80.0,61.0,46.0,48.0,42.0,38.0,77.0,52.0,28.0,30.1,30.07,29.97,10.0,10.0,10.0,9.0,1.0,14.0,0.0,0.0,334.0,94041,0,0,0
0,0,8,1,76.0,68.0,60.0,61.0,56.0,51.0,93.0,70.0,46.0,29.95,29.91,29.84,10.0,10.0,10.0,15.0,4.0,21.0,0.0,3.0,294.0,94041,0,0,0
0,0,8,1,81.0,63.0,47.0,54.0,46.0,37.0,71.0,56.0,28.0,30.09,30.07,29.97,10.0,10.0,10.0,11.0,2.0,15.0,0.0,0.0,334.0,94041,0,0,0
0,0,8,1,76.0,67.0,57.0,62.0,57.0,54.0,100.0,75.0,49.0,29.98,29.91,29.85,10.0,10.0,10.0,17.0,5.0,21.0,0.0,2.0,337.0,94041,0,0,0
0,0,8,1,77.0,65.0,53.0,60.0,54.0,46.0,82.0,68.0,52.0,30.11,30.1,30.03,10.0,10.0,10.0,19.0,2.0,19.0,0.0,0.0,340.0,94041,0,0,0
0,0,8,0,71.0,65.0,59.0,64.0,59.0,56.0,100.0,81.0,61.0,30.05,30.01,29.98,10.0,10.0,10.0,21.0,5.0,25.0,0.0,2.0,339.0,94041,0,0,0
0,0,8,0,81.0,69.0,58.0,60.0,56.0,52.0,82.0,65.0,44.0,29.99,29.99,29.93,10.0,10.0,10.0,19.0,2.0,20.0,1.71,6.0,341.0,94041,0,0,1
0,0,8,1,79.0,70.0,61.0,60.0,57.0,54.0,84.0,66.0,48.0,29.82,29.77,29.71,10.0,10.0,10.0,17.0,6.0,22.0,0.0,3.0,33.0,94041,0,0,0
0,0,8,1,76.0,66.0,57.0,61.0,56.0,44.0,83.0,72.0,55.0,30.08,30.05,29.95,10.0,10.0,10.0,13.0,2.0,19.0,0.0,2.0,348.0,94041,0,0,0
0,0,8,1,76.0,66.0,56.0,63.0,58.0,56.0,100.0,77.0,54.0,30.02,29.95,29.86,10.0,10.0,10.0,16.0,4.0,18.0,0.0,0.0,346.0,94041,0,0,0
0,0,8,1,82.0,68.0,56.0,61.0,55.0,49.0,81.0,64.0,43.0,30.04,30.02,29.94,10.0,10.0,10.0,15.0,0.0,20.0,0.0,0.0,324.0,94041,0,0,0
0,0,8,1,78.0,70.0,62.0,60.0,58.0,56.0,84.0,67.0,50.0,29.82,29.77,29.73,10.0,10.0,9.0,16.0,6.0,21.0,0.0,4.0,25.0,94041,0,0,0
0,0,8,0,81.0,68.0,56.0,59.0,54.0,50.0,81.0,63.0,41.0,30.02,30.02,29.95,10.0,10.0,10.0,16.0,1.0,114.0,0.0,0.0,335.0,94041,0,0,0
0,0,8,0,76.0,69.0,61.0,59.0,57.0,55.0,84.0,69.0,54.0,29.93,29.88,29.82,10.0,10.0,8.0,17.0,7.0,21.0,0.0,4.0,34.0,94041,0,0,0
0,0,8,1,90.0,71.0,54.0,62.0,54.0,47.0,80.0,57.0,31.0,29.99,29.93,29.79,10.0,10.0,10.0,8.0,0.0,8.0,0.0,0.0,350.0,94041,0,0,0
0,0,8,1,75.0,67.0,59.0,57.0,56.0,53.0,84.0,69.0,53.0,29.99,29.94,29.9,10.0,8.0,6.0,15.0,5.0,21.0,0.0,4.0,351.0,94041,0,0,0
0,0,8,1,95.0,74.0,58.0,64.0,55.0,48.0,71.0,55.0,26.0,29.87,29.86,29.77,10.0,10.0,10.0,0.0,0.0,13.0,0.0,0.0,337.0,94041,0,0,0
0,0,8,1,72.0,66.0,59.0,56.0,54.0,53.0,80.0,67.0,53.0,29.93,29.89,29.82,10.0,10.0,8.0,16.0,5.0,21.0,0.0,4.0,339.0,94041,0,0,0
0,0,8,1,85.0,70.0,60.0,64.0,58.0,53.0,81.0,66.0,46.0,29.87,29.85,29.74,10.0,10.0,10.0,5.0,0.0,9.0,0.0,1.0,326.0,94041,0,0,0
0,0,8,0,69.0,63.0,56.0,54.0,52.0,51.0,80.0,68.0,55.0,29.98,29.91,29.86,10.0,10.0,10.0,21.0,7.0,24.0,0.0,4.0,341.0,94041,0,0,0
0,0,8,0,85.0,70.0,59.0,64.0,58.0,52.0,81.0,68.0,44.0,29.81,29.79,29.7,10.0,10.0,10.0,7.0,0.0,10.0,0.0,0.0,334.0,94041,0,0,0
0,0,8,1,75.0,65.0,54.0,58.0,54.0,50.0,90.0,72.0,53.0,30.02,29.97,29.92,10.0,10.0,9.0,14.0,4.0,17.0,0.0,3.0,337.0,94041,0,0,0
